# degree	tail_exponents (f = x^n + sum x^e + 1, all e <= floor(n/2))	sha256(artifact)	check
# produced 2026-08-22 by axeyum-gf2-search (branch agent/gf2/lemire-proof at 47fd7b440, snapshot with max_word_ops/max_coefficient_ops raised 1000x) and verified by axeyum-gf2-check primary+independent; artifacts in /data0/axeyum/scratch/lemire-signed-trace-witnesses-401-3000
401	152	38742aa23dbedb16d842b70350d782f273418667dcea6ac3fd41ca238be3b407	PASS
402	171	778a23915c77a1be3a510d23ffb6c6b01a7b474e5f7c05d2bc73711fdd7ebb11	PASS
403	1,2,80	bd29f257865dd2e929e14c1818fabf77b8d8ec9123753204e0fde893ef952845	PASS
404	65	4d74c12d3d93e27f3a04db8d5c390d345319b5fc27b3912451d61e29e7c0c73e	PASS
405	1,2,38	30b7a1db5182fbf1a5469eacfd634ae4b45f9467c30c3d2a54bd6524a22ddf55	PASS
406	141	78f2d7155c9f6bdd09a8236b0f35c0c1866cf9915fb3921098753a7e1ad6bf94	PASS
407	71	f542c5d3b1d8452760ec843e3c60542be1a33d04d0a3bf2415930036469e30e5	PASS
408	1,3,108	1968e405a849fe1a1f1b9e5c53df59c9ed2fed70227c09bbc3494d87b41cf38c	PASS
409	87	c153383107f9a7c1bc305f9f2ebe902df10e40884c58136c8df320018ea20399	PASS
410	1,2,16	c453592a6499d6872b2f238ace0ac3eafdc088550cb819bb76fdeb0e594a9880	PASS
411	1,2,50	41733c4634cd68b20cc8724455ca0f6063d73468c0fe506af2ad5ad86cd61f10	PASS
412	147	03899d92c9d487890ebce97a11804fc4e73f93159ad5b097eb3a9fb24c966798	PASS
413	1,2,33	8f9c4befb4f03d7d40ca5b5c8a1e20c198fe033d9d7836e270903df78e7ada76	PASS
414	13	be46036ca771467bf395e11b4141374095e6a18cf1741d1842b1fefa73e622ab	PASS
415	102	ee5df226e99879fe68096c0bd314a48b26de60013fcea47c65cbc4a3f526b95d	PASS
416	1,3,76	57955fd6e97194029313e43576a0a33a64b5d46b15abaab59602f365ea64e922	PASS
417	107	026b31cea68ceb3d1a5060e3af84525c28626e2dfb5f33a6c72480cd844c5714	PASS
418	199	5235df580377612f8934506d015b93d677690e773e585f233080c737c0d007d1	PASS
419	1,2,129	4054cb1c6875128f647ca5f85f133409210ff018a17e183a42e5ed0ce16b2b29	PASS
420	7	ddd9d0e98d968c17a8eb408541b3c7df4f65d00b6aceef3e69d5b4e23111323a	PASS
421	1,2,81	4e52ed1066a955bab819f5cc91886e59942f84c91ee83a1cc970c56ccfe0bee8	PASS
422	149	8a3415fc47e16f89693a570afd4e01dfb20cf3ba0e6aeb7d2cd3138f70b47350	PASS
423	25	39c1d3fa8f59633a3fdb66457775a0c269ef54d3720ac5b19dfa3912378dca80	PASS
424	1,2,177	a79f546a0398de60bd593cdf83cf140147412d9433afedddbfa38eba726b70c0	PASS
425	12	fb34ac28b49303be9f78bbf8e187ebfc25a56627270e37d2fefb14459383105d	PASS
426	63	16216c4f388249097fbda54a25047067c3e4d16126dcd9dfb060638a439ba8c1	PASS
427	1,4,111	3e6c6339a5778c826d97ae1d05586ef3126bee0b1185037e746e6608ff5f0b3c	PASS
428	105	8b3e391677e85f68dfa0a6994250b6f13a4317205996bf8606e0058331d23688	PASS
429	1,2,14	fe866f2235edf52f55218e0fdee0aef58977eeb6bb3f025a9d65993395202874	PASS
430	1,3,158	68e73860223cfdcb4b7a8d61c0be948d57247130f3393fd8b96af94c1bbb8ee4	PASS
431	120	46b3f9a3beaad9b3be51ca259daf9e88a3530fad1485d0f3e23c68263acf7cc0	PASS
432	1,2,103	94be4de4ce80a2b11775158f0583c02ae45c1e64d4b9afa130761a9408810450	PASS
433	33	8159e0559aa47fa83649d96fc47e7b38c6c534ea36790992415f8086a8f9551b	PASS
434	1,2,64	f729d8f85a2acfe26495e26e66142547e5d3cf2186a4d828ec72b23f5cd584ff	PASS
435	1,2,166	0b5f7f696be5064e42ef776a1c859a7cb5e5bbf83cd023319100cb73f4914567	PASS
436	165	0ef2a436e5cdfb358fa73d0a1f0e37aba8c46284ffc0afad753c2054b704f4bb	PASS
437	1,2,6	43b8cc3005d87049845df90c31c0475d8e3c6a4b8acf19115609a5907412869e	PASS
438	65	0fe66bfece91870b75936c5f42bdc83f39c884afb0f1a3237f34978c097b6d77	PASS
439	49	eec37b692a43bc502f6c8b6483ffc9dd08c75b72a1962805d07eadf9f86aeb27	PASS
440	1,2,37	a9a813f7383ade45c5e1c1cdd3483f70fcab1e880e5f1fc2109d6854ef4cf0ec	PASS
441	7	dfc0e75dcc98951d5f153575a4a4aca4b218847f4bba5fa3ef57a2d597eee1a2	PASS
442	1,2,32	824e708be828d1a07a259bbbcafde4da2f64b3929e6d5645fc180d596ce58195	PASS
443	1,2,57	018962a1f83ee7173e5c9dba4c3ea1dd17445e46d9be564b7001b10a17904e0d	PASS
444	81	fbf54afca819bffeed84f0ac7e24364b06cc6af998207890adcf38a19f33b7c5	PASS
445	1,3,192	f7d464551a156aa0585d699c19af7a60f0b85ef95721ff1fb37d53c339d27ad1	PASS
446	105	3f2d34b9265d1e4bc375bbd4fe35e686616ab8569ffbe12ac3c69c663e595732	PASS
447	73	227afaa274d591e9dc0b0687949f54260501f1d91f20ceb170dd55ebe22102bf	PASS
448	1,3,83	a13662929827ec31ad2dd72282ea4ac4dde827a9346b29cad8f390252f1d465e	PASS
449	134	4dce68a4d4c8f544b0ee651fa0154452e684f9674cdbe3544840d8e7b1b99f06	PASS
450	47	d4d0faac24a83d0137d8bef51934c53778fd3d20e61f6d16235479f9ab82f7de	PASS
451	1,2,33	c72322b61a2c2fe9ff5840f69019b49d7ec724b04e8ecd15169940e66d853093	PASS
452	1,2,10	8bd53a7e3aa95aef804a65cf8877253c1b67b31fe1e641e7df7bc1503a9f0efd	PASS
453	1,2,88	2c07aa01fa14c8bd7793eea3ec19ef01ae9bcf9c04419d343d1be584f539ef66	PASS
454	1,2,195	8906b20d518d99d499027b5ee177cfb0005ce278716b4769d2311e91b7b00288	PASS
455	38	9a5dd41984fafabdea019eff5fe1f481eba1e3910963046bca1fce8889974ff3	PASS
456	1,3,87	0093ab9e9c44cb79e4bdc64b7c6f699d206db169c9e9a07286f9250fc40dd1e1	PASS
457	16	aefc6103e311b402c4da34f359eacb424194605a71d849108940e9baca677c87	PASS
458	203	9a3d7648a2fd2bbb5b745de1138380e9bf68bd18d918c10e31c8aeadb05525a6	PASS
459	1,3,108	3838f4d987546a26152a4abaccad6c1eba8849921e6ad3302745f2a771509553	PASS
460	19	dc027b3302d6af73e5b708500a8020a532198d958058ccbd924424a1d0569845	PASS
461	1,4,23	9883230fd66f80d123126dff2d672a2d42420cedef97054d0fb52b9c0292f082	PASS
462	73	a2076f8eb2777c37ddc2a488072bf1acfe93c4b8f1be68a6baed16daf3664f79	PASS
463	93	57f825074be7936055f324cff58ff1a735ae95b5aee9becf975ca97fa903234b	PASS
464	1,3,40	482c54a550ecf880f8d456f7bfb8bf209297b40728b2b3b8bc54209cbcb2c539	PASS
465	31	db06a5ea4af7a68cd57db2b4287f9b07acdc53ddf084f684b1f6d39d2e746b83	PASS
466	1,2,78	f7ad1ea75b3dc48268aafff13031c142096752ba41ab753e6778a4bb5f2dabab	PASS
467	1,2,210	3d8b001bf3682082b0321a5f9fd313966893a7cc002681afe1c9885ba1afbdbb	PASS
468	27	6fd0a82298c154b5e3b7456582783c373c5b768c89d3d583e2e5c928bd5556b8	PASS
469	1,2,149	09c2c9a8fb575a6559ff60b0bdf91d5c7af4d5f7d19a157956be3d1d3d309859	PASS
470	9	1cfa3b7b6f17f46d93129a3dcaaf770cabef87d373fc3405e28199dc5814e36a	PASS
471	1	6413f5e581b9d9f6072eb49f6e8f4cccc9ee2d5bcb7e45b5dfeea87500427a02	PASS
472	1,2,33	39fe3cc0782400f4bdd4aa0be9966179e8b3488550519395b1f6e3704efdcf4c	PASS
473	200	628dd96f38f844d90b143749e3906ce0a1bfe1b2a5d0ae4ba662a65306e66ed6	PASS
474	191	ab38f3900327cc4561c5322b6a733e041bb253097e8188c2d24b32a73fe8efff	PASS
475	1,2,68	f346767af5f847122b4941a8e25b7fae542e76bd66d7ac02540b1a0a1d7d742c	PASS
476	9	78c9fa0efcceddbacd5c41c415d3836e38e3af3ec106d828f73342319b34bb65	PASS
477	1,2,121	8321720767c0970e3c627557ccf33d2115af1e1c87491482872c1afffc7d211c	PASS
478	121	1ec3f4ffa8dad9cc60860e3d1846ccbb430a6196fc817796df636f67924fcfcb	PASS
479	104	0baf793dbdafda6c398b79d60eca6fd94c16c0717c32fc275eea857d2cbdbe8e	PASS
480	1,2,149	d655c912fd05c1c10269e7c59f6820aaac68b9058c28e3f09fb335ebe6e7db1d	PASS
481	138	0d07f6df0d80886e5e074c36a0d5ebd4947fde65c6ef42badb12f4de2791c061	PASS
482	1,2,13	904764adcb838390ee2c6744a50b59aab980d32b91a7544c7a9fb250a0c35e99	PASS
483	1,3,36	94234feb5bbb7b792607081478ef23dec68ec07160ab101f3c65ff31ac8f3195	PASS
484	105	04de13e781013a0e82f8b2827b9ce7526ec50063b5f1a58c04d74b580ccbbefb	PASS
485	1,2,70	19ae9a47539f347599cd1a89e82d12d4779e57e03865b4c835d88c2b89ee328a	PASS
486	81	5367ff1ab655bcf7456d1ff8505a2beb4c7df4b0e14d1c9544b3639adb723955	PASS
487	94	2ba16f2112299b1dd6f5bf174f4f4d29ebb4214a13bb299513f6cee97c9f5a97	PASS
488	1,2,123	6a3a5d4ffe1a8fc5838339599812c2b84fcae4b11478e0aa0998ed75214949bb	PASS
489	83	dbf6f58c78d4cd16b3dedc25dfc1d18a45d799cd26a29ad472c9a661997e1352	PASS
490	219	37616978ab7e57d6ae5ffb2d2e7298b014acdc278ad26b6a0d17573964915e6b	PASS
491	1,4,168	c62b61fe3fe4a58d4c6f0adae27a33dece32299c609c90b158e9c700c7289f90	PASS
492	7	d9452243495eabd6622fa97a1246a5ee9ab62d8d728f5e76d6ffe4494c9c3019	PASS
493	1,2,171	c29f05c9b7a2b345a866380751ab72ca6016ce07697852a50b239ff2372846db	PASS
494	17	94ab9cae2bb76295b951612a147c8eb7e3adf4020329c97f4bdbaf6252599c05	PASS
495	76	8751f43aa6916e0e5f554d317f962fe215cb4df7d35feab053e5a833bd65f947	PASS
496	1,3,52	30c5e1b44ed8dbd5248ded41579678aeee87c861c1ec9ce9f8df241ac820b9b8	PASS
497	78	b5d753faee1b3483bbb344469fd12db3286b1e00d810066f93b67e8b524d2411	PASS
498	155	2f7dde7ea6e7ae9c30e0115d648548d9bf1c4f8aeebbc29f7552b5a101245362	PASS
499	1,2,174	ef0b051302d62a4de2b8dfa0c62f49a3483ac6ae5935b229cb9e8de2f0ff11d8	PASS
500	27	9fad6a3fb6ca93e33e80b1a9db0180cb1e199666781cf57f0f79231b7372fe51	PASS
501	1,3,24	18e7130140d97c8e90553dd8e43f230a8db1594987f5ad99eb3a95a577d31061	PASS
502	1,2,99	c1f57ac9318b8b4315cfa2f2b775f37ceccbe5bbb3f37762beb1d9684e95869c	PASS
503	3	c8143988c1bc2835c2f8f6a8170e1c3d80568f787adc37bdf8b0ee9653cd7894	PASS
504	1,3,148	8b0b9fc87a8408bfafd2f1b42ea38c818da6ed68fb508db65bdbda5a758d82ca	PASS
505	156	05256378b199fda97437e159381eea6fff402a12052953c325e0d51f2de2530b	PASS
506	23	fb768ee299730238d668a3d21d4d2a89150cfac0e96e0564e4cd71fd9731adca	PASS
507	1,2,26	cdf0690c35575bb33c83d5e95f138f778a1f6adf6d379a9ba1d42e67cf18c22d	PASS
508	9	6718635dffe9524d282c8c3f0bdd914dc7ac10373e29859beb04828724d8263d	PASS
509	1,2,94	9fbd3410cec191cd545a02448cec1da72017a38baeab3de07a8c488398251a04	PASS
510	69	1790755193725c2134040bd84ae8d2685f05678d5d7971641a5b660bd66439bf	PASS
511	10	e165ce3189a5cd1d23b8b9aca83f898e6f4dad63fe808aa7091a4912802f5dff	PASS
512	1,2,51	6c837d00661d87290d874e3656b7a853a08d1fac48777f78ef5a9e6da0a5a4d0	PASS
513	26	f944ec44e6ab1c938ff435af8aea7e9dcaed912298722d639e3ccbd9b2f1ba6d	PASS
514	67	4329697c988fd33eb4fa75f46ec5e3a635c88a58e11e8a887a6aed83d45e49bd	PASS
515	1,2,73	fcffb24a66d69fbf7ecd6d4f9d675a66fc6d97d1550b41e655f46ce4ae62ca52	PASS
516	21	e482d0ef62c162a6f65e6a9b81a66bb71cb798cc6c5f5ea9e6478ac57fc4c9c0	PASS
517	1,3,156	19ac6bd732e617d2162dc69945935ad790173e2dfd4b05dcf7d493fe72c5cfd7	PASS
518	33	3e5e52e93fb5d73e26f74c3d047c0f620abd81e59294cf394a44dd72f4191b2d	PASS
519	79	2fc73d0a1aa9b82f25f93c376edc1465eff33a50240814498e64f5031380c689	PASS
520	1,3,206	fecaa80e8e5cf3d92f5c9e5e9088f911975a4a9cd611db80d97da7f94ca22896	PASS
521	32	ba22e442a6a6cadad102b6fd4c2b73a854584774f5a4054e1f20edd74a0d3d60	PASS
522	39	fcd2a3f8b83bb865b08ca52f24c3e8a5d18e3bdf3478f55319ac1482e16f1e8d	PASS
523	1,2,66	a60ba12fb0d1aa90437da8fb9da60342d4cdcd5f4298ee151da5b033f27a0cca	PASS
524	167	4f3b245f7185a6f11faeb1ba8a752e601b913597f631a5612600e18fb840e635	PASS
525	1,2,92	c7e3af0d4f0d6dce9ec0837a734d54de939f27ba33b569548ed55f79f95a2370	PASS
526	97	c239ec402a18e1bebbebad4effc4a2458ce3bd986ff9d5302b957c96bdf076d5	PASS
527	47	4fc1dd209b0a4cc6d5d7db262ca12e006385809bdf375219a47f891ec8e43184	PASS
528	1,2,35	6e5e92dadfc41c07553b8dc3b5358e12d07ca47f3e6c58516f66abedb45e1be0	PASS
529	42	490c31ef6505c7a27eacccd1e6ebd2398f010c4f6b305f85c86c0f28fc26912e	PASS
530	1,2,25	61c6577f85542448376313c9dfa61837f05986875a1ee698aa384a1801b41439	PASS
531	1,2,53	0861b281e65d5df10eb2ce8d6247558360946a9d6f18839566d411ef813c2841	PASS
532	1	1d5308def35f246a23438c2800b6041a191e2e639181939a730705fb9450c168	PASS
533	1,2,37	760c72add8ebec96812ae1a9dc5d3d32854e37c8a01104587da9687d47561914	PASS
534	161	681bb7f2aae8b050a0df62506cbecfd4b8b58dd7ccbcae555a88ce31f133d9e9	PASS
535	1,2,143	deecf117393ce7490e691604780976346d43c1213c2389f1d089def29b0ea3c4	PASS
536	1,2,165	0ac7b418aefc91766c2547c0264726ce34f9fa52e7f1ae2ecc42a1128e610a56	PASS
537	94	6489897040432cf9847831434f6f535cd830cef39eac3a06406d2aa8e6dbedc9	PASS
538	195	1759e7730db1b46cb34507837dc9485c2391079189de01763239ac455b378372	PASS
539	1,2,37	8853b7a551a779f31a14cb3263c61e95918fdf078ca9a68b89978c6f21277b0a	PASS
540	9	c8bb594fd640fb14117298f57b57bde7d16dd79018242256109b6a2e108333d6	PASS
541	1,2,36	75bc044359180b4465112571ebb1e9317c4f666a124bf702af0e4ec3324d9270	PASS
542	1,3,212	7aadef2c32e3da5ecea1cfce91acc7bc402062ff6bf44cc4ec5ed426f3f52a04	PASS
543	16	5808846fffb1d99c5f7494351bc6997c5f54dc21f40017cc292d841fc06aab01	PASS
544	1,2,87	5c4dded6e03fad1f2d49c2c44de67da53082bc76ca2527b7f9896070ef5fa486	PASS
545	122	0f854026fa2e59903e92519f936f9d9e36c00e0db201b11ebc4e851ca015050f	PASS
546	1,2,8	5cd775ebea532fc62860f2f49af025c7c04d3f0996751123361efb6304b99c9e	PASS
547	1,2,165	f7e3078493a1aec16213bd97c1aa99de49c24ec22c5762cb173252e96b41e7ce	PASS
548	1,3,187	92fa583726465969018611494eeef3705e1eb7555bc90d0065ffbf718b51205d	PASS
549	1,3,274	6444f181ede5adad35ac867bbbe40d4fb86810e2137c4e42d29f30af39fe10da	PASS
550	193	03644dafe881bdd9bc75cbc8f32d824f64d59261c0c9e0d60dcee9a21ee5edef	PASS
551	135	162fa979bcab70a07c0d353df9ea89f5f62a68fd982e67080584b3cb19d29af2	PASS
552	1,2,41	9d663612b4937f91b2a68d5842c08ac5d97277ba9be84834b3e90e95f41de853	PASS
553	39	c5b174fd82181c8aab937e13b6fab4e720a95a8a8f9867d4860bc436943cbd50	PASS
554	1,2,162	0e8e64d4b329c93a3888c9d0441bcdfbfeaf2497ecbca061fb525d0e5cc14a3c	PASS
555	1,3,228	f1ebe7a6b039085782d98d69e45eb37eb532a6f8e1c42a5595814753cd2801d5	PASS
556	153	9611b911dfa3d4e92ee3cbab7f4624e3863e9e6695f846ef9561b187c1ac60e3	PASS
557	1,3,230	c65859629b93bd40c5b573ca002008aa33872eb0d30b51c44a460e1bf84a0f23	PASS
558	73	32ed5bcc5fc64c22815e0feb15a47d361aa62ea4f050463950a05fd09bfc6d9b	PASS
559	34	3e59e31049261a40bfdf9006d7d658f74a297aece1b2951c6f47db9c68df6917	PASS
560	1,2,157	6c96d01f4e3c817dd2d4224dc7504382e33bac903c593f1904f0bbc749c2be97	PASS
561	71	4551a3ee180b793b2b980cf29bee87983ac58773ad80270f737fa108b1cc262c	PASS
562	1,2,56	27f54cf0a8ac94ba607e9b27db3318a7dbca8d8a902418004d90c5b5d4735284	PASS
563	1,4,159	2f30f01ac48a12505cf685a87b188f6ae72f1a30ddda21ed50199eefccb8be59	PASS
564	163	9bae46ced6c9fcc828f3d253817c37f3338ec3390ca9349081ded2b05a65043f	PASS
565	1,2,66	f5c04d13a91080ee530c88644ab59db053383e4a3b6256debeb77cba358daa40	PASS
566	153	53d5b11952cc69baf9944a20b79aa8bf29a7356be40168d99d29a75e3a0c095b	PASS
567	28	3b7440cf6f742a810ed672f3657e706a6abc638d29cad410118f67d75b10980e	PASS
568	1,3,111	d707b503391f589077ec3e10d4680e033583ab415e9c1b9302e440859693552c	PASS
569	77	fea200ca07fecdf50db42504ae9c62b12d0466dff81844c2ee06b39181a859f9	PASS
570	67	a3b3d4a9ff3f85520251295f1465fd2cb0d31879e6a80b5b02189d917687596c	PASS
571	1,3,178	8e3bf17d4ff5dda4c7e0bbc28c4672248bf23e4ddc9259b640383e721f653b11	PASS
572	1,2,238	c397b81b2ac80cd2b869a00d689d4092ee3344f0bc8250433b851cbc5e09815e	PASS
573	1,2,220	40594562594c3e9a6c0027e97f8be5ff5cf0c1807404459215033b299665bb8b	PASS
574	13	d7002bc2e552bcd1ff559cc4a5720fae7d27440f40e4a2b0245baf38b22bcb80	PASS
575	146	3c676efb5c4e4f8150dec9368ceae863a3ddfb3dd9917d97e286a00af9158eb1	PASS
576	1,3,52	8f172d4eb127d200a8605aabedfb3f2d76e661318218b7d5f06daa80e14a83d2	PASS
577	25	eb1b6faf61a7c06ada1a0935e5786afe6e00097895324508d5ec29bfdeefea6b	PASS
578	1,2,138	0380c9bb051da4fb54e54f55b495302ef659782184c8378f76deebca469c2708	PASS
579	1,4,135	161b8319ddbd0f3cf4d7d8a4b105842d24b91bedf2cb8d996473cb11eb683eb3	PASS
580	237	89d685e99b149c0d764e356ed1fe17a620482a96ca29443b6dc0146637789fb2	PASS
581	1,2,138	38a1d2274d43c710e0946081e777ea29bca2cf535d463777a66ce83d710dd4ab	PASS
582	85	a7b79cb1d4a7f97e29d3d10eb3fee3f2ca18c674719488e11f85d8c29f1a28d0	PASS
583	130	798045800a2368716181be57810f002a105ad67018eb7f9aa228065e009c52ae	PASS
584	1,3,214	e2157fe8acc9187bc97d1aa612d9de6bd62e654f2d8943344247811a0f7ec57a	PASS
585	88	63aa7175bc25f0e4c370ee22c25a451b8465b1401bcfb3eaaa4b11f1c255c367	PASS
586	1,2,14	263bce7af7a80cfe6b0fdf6237fc8ca6294850d5f4d9abec03c795f6113046b1	PASS
587	1,2,130	3e597fdf4e9f5b273e9a8235f4fc834d338af2085b4f2fe9158f7e808aa66bbe	PASS
588	35	3dc5946a26b736d8bd0377fbfaa3ec1aa375f4fd4b09ead897020d7f26a10b4b	PASS
589	1,3,98	6858f6ec17d70d8b48443f89c62af6a060dd6f9a0d12a0fe5086e213ad3a3171	PASS
590	93	a4acc8520bab11a5b7736ab2ab1ebec381019db6107c8110f034611c6369187d	PASS
591	1,2,38	daa52f84041cfca22193dddb2a7ccc6c110734c6ad313409e9d7668115edea23	PASS
592	1,2,143	18db1cc88a7c27e8cdb562d2a48b48bb5d32dc8461dca18cc3751c9b101573cb	PASS
593	86	f1caf127b0ab397806ea9fcecdbe785d899c3b497f69955ddd65baeddbddfb9e	PASS
594	19	c7e984b61a03760fae2b40c8e1bd8494874ee1d10f83cf473aaf64ea83db7cea	PASS
595	1,2,9	8e02a2636148bb41010b4f164f7f3c2c7b7a0e03c8cdceb8942109f2148ae102	PASS
596	273	1758c51ddf27d579f3ec7acf973c18039c826b36f675b369535420420e848194	PASS
597	1,2,64	0c7bc7b406ad8fe883a77ac0dff7937c0c76792ddd4e95a876f208a9a7a6d83b	PASS
598	1,2,131	7492240ecaf4547be1bbdc11d6e577d12824b2e7b3a8960ebbe5a5b1f8e54490	PASS
599	30	8f642cde30d2f6f210021250266be1ab855dfa7a2f93eb029ac21ca2d02b6eb1	PASS
600	1,2,239	912c377e29e7272dd9e9a29b39a286a9ccba30a4b7c4ce2d9ad7542fb3068ce1	PASS
601	201	a6c27be152799385457f55e22c75e63250ade4eb16aaa786d7689d5202c22d31	PASS
602	215	6e29ba133a17c3f9701478a31dbbc88d8250d7ff2699b1484f39af246839f9e0	PASS
603	1,4,8	258ddbd3dd2b5a0bc3672a6a82801e7f57eb39195fd027d957a85c3f18bb13ed	PASS
604	105	3af0e4c7d4d41e6299efe56151ec3efc80f0326247129c3e4f289cb7e919e6f5	PASS
605	1,3,44	5842509bf478cee1a439ef9ee0dc9d68378f580bebbefda91a4a3a78546d6e0b	PASS
606	165	9937d095c5217889b7f36973ce26c53273e78c1f1426ea5034339a58c81cabaa	PASS
607	105	6e8f613a04169486500c978ce5dd4e8fbeca9e1adb24a271680cc5c087db7343	PASS
608	1,2,213	ae3235eed639348e1ec1d665dd84f8113c070f4277a3ee2ffc82b67f61a6bca3	PASS
609	31	8a3c40c4e1c29b12b773646af3b0fa417b7fa5a65850101d4e54b23a58b45f53	PASS
610	127	485a770a586d41dfea35b694236d18114ef081ffe79f1b8bcd44a3b95df6fb0f	PASS
611	1,2,13	d0abadb1851af897346d6721144a6fb8a6b102c231f2c4f04e7d0b6c5d350288	PASS
612	81	c47e83ec7145c537f865adeb91922e7e8e23a7d66fe2eceb418642f6a9c8b279	PASS
613	1,3,160	c794b22d9180c661f695c9adcdf55b86c69cd7e2fd33b42d39ccd451d8772b75	PASS
614	45	1b4e63b87a014d3b0d3ac2862f0e1dd8ff86c96b90c77b2f48cf8dadca72c663	PASS
615	211	975d79b4cad9acdec569391bd7d34ac38e090ab75a36fc2983f86154ed7b8f86	PASS
616	1,3,222	4ad6e6995a8931ea90c6e6db2c47caf2b2e6a30522bbbed64a214c08442673e6	PASS
617	200	eca0af2339281cfad285777fa1de911f43b00e72ee3473a16d8766cea86fba67	PASS
618	295	f8c3d7d82a0cb4bb252ae89e6941f366a7b0cbef4a1e1650acf1d17580908f72	PASS
619	1,3,309	3ec2ff9bfcf41e7ac2c8e802b7fa061bf1fac100005a08c43035778e69386e4b	PASS
620	9	b8e856d2ff23ba767d25f09ca20ae8c296007ad6a48d7235a23050f16d51154c	PASS
621	1,2,17	51f9ce931fa2edee76d330c9515a7885e889c60155707cbfd422b789a504fd4c	PASS
622	297	34c02467d1c1eb61ddda1b163e5e098520850c319b526648f487eb5920b8e032	PASS
623	68	5d1e8e5de1c3efbe67175a065b060cc0adf8e32d4cf8d265e4f107f5a7bf30a2	PASS
624	1,2,71	eae003d1bcecf8f040e97454395820281d5bec78381981b153efc06d080bd2f8	PASS
625	133	7d58a364acd784808d63b4e68e43730792d602ed3816c7df8dbc861dd7a54374	PASS
626	251	774c364da7f0b7ce1182c98dfb51fa2e2b6824883ff8d8082eb64740fcd7926f	PASS
627	1,2,37	cfb2ce6e15574d6b37c8b92a9857ab1a54a01be090644acdbd91ab55e12b7dde	PASS
628	223	c1b258a9d0097634ac278ea444fd988ba4b07e4e8d96a0d9e29eb138b52fb3a3	PASS
629	1,2,121	8e95e014f6f985ae8c6b85711196f85bd190fa0a8628fbee0b9ecd6191d537a9	PASS
630	1,2,49	e55215c2b9a9dd6240c47030371d5ec064eceec7a98c829ddf30cdcd47bdcf6d	PASS
631	307	c72c30e0bf10e015fd6d8e80cc4745a7b72aac5910febd82d64c1cd8d0f14010	PASS
632	1,2,9	0fbb47c25399737473d0da4343f0d19c5e4e77971588760b9cddd1aad40260ca	PASS
633	101	8b43ed3a313441c855d8303f52c0848e5048717bdf02ac426316e2e8eac27ef4	PASS
634	39	6793939b1eb9f8cc1b269d252173082445320a91715255a0fcc6d8322bb294e9	PASS
635	1,2,64	47e3b0e383516cfa82d09ef0b7a2effedf7b11205218f2981b08329746d6e81f	PASS
636	217	38a1753e470d2e86585f2a3d6836d4c8ce57144ababdc3990d22d17919ece7d5	PASS
637	1,2,84	531d8c15aaa74b55ed567b80d4494630aed36cdaaf47645a2a67a4248ca1be59	PASS
638	1,2,127	916c7d5753994b9c9ec42d17a3531d4dfbb04594541fc40926946ff2edcab2e7	PASS
639	16	79a18d8e52f4cf798af38da9553b9a05cf9e6fe411a39c96c7b916f579a044f7	PASS
640	1,3,253	7270172b298aeafc9b28d0167e47697b0db6355bbbdbb10ecbbb7bca30c9a56b	PASS
641	11	79e3a54042093aa225b5501d63025ffd00af8c222632a231412ff3604af60fee	PASS
642	119	9c100430f95daa6d25b4cc77b0579687e0377c7dc75a8de74aac3c05d224ffed	PASS
643	1,2,153	ff2776dcd687f713f5476fd973aa2c935205369c1ec299c66659c633574ba519	PASS
644	1,2,24	d99b8fd2d40a7a92989d7615381c6518620552bb31a61275cdee7bd73b430441	PASS
645	1,4,42	367e2a5e28c4afe4489557fde3f934c44457ed8f867e178b5cc714a66f61ba39	PASS
646	249	95ccb959fb971f90a5979c598454e83c7d32d4a4dc8f90dc62d9722866619556	PASS
647	5	19bcd6b01f54da4ca09f1c6b90349d32d4fe28a2cd364883cedaf7e863978143	PASS
648	1,2,235	1f32ebc43c39c1f8ef0efa4af1a7a0a137d907cdcdc0438180caf46ccf9f29fe	PASS
649	37	5e07d621427f544d98db34edfb6e2f75b7d254d9874e1cf0f8b7350c90574ee2	PASS
650	3	4e30c672428683da6b33c4f7e053386f903ca85759dbdfd745c1eeb29f6b3467	PASS
651	14	3e93edbba4f3e09b90f259b37b271d31942e9fb00da19a47ebf8ff12df79518a	PASS
652	93	4d7092d7e60ef447f1eea001bfc6b68bba7f431a107656a5d961b9f778cc6dc6	PASS
653	1,2,37	df8981e382675f54d4fe659875f4e751f9a5c5a799ceb08afc904d87df5441f8	PASS
654	33	88aba51394451c664e2a05733f8c374ec664978cc7cfa9393f18406e993a0816	PASS
655	88	1b90df50e6b0540b76b35e8e6d93a4ca975e95be1cf8d928fbbc0d211545a316	PASS
656	1,2,39	6050a895c978bbfdda54c8c042bfbd8fb6fb61f8ee59c73f53d8c8111945910f	PASS
657	38	aa2561f6cc2eca7d3d5e36cf0bf7d667670436efa8f1202357bb580bdf809d20	PASS
658	55	96be4fd1627f6d4ac37ebf6703ba35357dc60a591a8eac2e110006d425d980b1	PASS
659	1,2,25	4212b3a5d5ca676b4429c3ee20908c97757977cbf2c56f3122d134732813afb7	PASS
660	11	4fdee7dbc2abed3827b9158f243153d8b4765de42dab2d38aadaf95942146ef0	PASS
661	1,2,80	e6c912d555b61bf56f511191b773558c839143ddf09108d6653463a07116b44c	PASS
662	21	8935e50a70afa95298afb851d822eb7e6cbd942d97bfd698c1ba94ee329e5d47	PASS
663	107	15dcec9d96bfe3d9a79af470348c795fbc2a1f1f268f4297de968f397e87bfee	PASS
664	1,2,177	762b3e36925fa4a313eab00e6552b8d5c8d81cdd492621d0dea75df54d36b7e1	PASS
665	33	7f6d346c4231b49fa7ce0f0f9c3d8f0a82d606d20a2ec2ace55cd408706b4644	PASS
666	1,2,100	f0f1f1d5df1b5ef61c40f86c55f7f2230f6a32b2273bb45e279c8ea69610365e	PASS
667	1,2,161	b301707b6e5e9ee1b4fdfd37ab09b14cb00ee012c56f9eedf01b255c08ceaaa2	PASS
668	147	5f3f2b556923ffb5120ab8c5b7c919fddde974d617ce08a46fa6ae9393f63400	PASS
669	1,2,314	f4ad68447b55153e1d38342daf164fb367d37dc069b418eea538cfa7b72c7bf8	PASS
670	153	a9aba0a0fdb1fe09a57bf8b798b9a33c2f19dd16fc81de53e906c173900564b1	PASS
671	15	2d7acf3fc8772e14910c73e71dd303b14d07ee8900b1141d20bcff132ccbd1ac	PASS
672	1,2,91	3bf447b7ddc62ddf5b314c0d627aa4bf6eba00f27645d344214c11abec50dd7d	PASS
673	28	0a9f1f210c7c78cf9954a92c192570f828cb241479ca7f2a208d0a94c78db04e	PASS
674	1,2,22	3ffc742bad5f182ad901eea42b88968110dd892e5497ec02f62393eab91cd298	PASS
675	1,2,214	88cda465a6b85f2ab1c30bbc3a44e4d2f6f4a87000ab86e135843ed2962f143b	PASS
676	31	132ebcfc5518bace17d74aef292e69eb8236e343110b82339499092c569e8b91	PASS
677	1,2,325	36820386faff9d06c490cbd47448c5ecb16890ae3bb523c13260a1893d3767ec	PASS
678	1,2,95	d73c699597e0f489ac890b08a136a6c5ebe91f4de7e6540ab53b4df5f50955b0	PASS
679	66	6634cf69c995b974927fbc4d124393e9f117c0cabc564a8f4346dd126c6c8dfa	PASS
680	1,2,91	6f2680981796f4705e219ae49c27dd431945abfdb8d1433ba52e636a0d4dd320	PASS
681	1,2,83	d7501563bb2eee94d085ce399e81dab1bf63b3b4ec55988ee6ebe1a19fbb37b3	PASS
682	171	cbf297ff26ac4879612983ee9eb4a4e75e65a9cc6f9f92da91b142a002dae2b5	PASS
683	1,2,153	dc70552d3d2e4d749f4d637c3fed4deeda625eaf2df7618698a88c08406b720a	PASS
684	209	a98c1aaaf47b24109a65f3f4c04ed7f172de0e5c85f9d2119f00cf7e08179808	PASS
685	1,3,4	6237e78e91f37f43eac2c40820531c0f930bf7946ea8c07d444c56cb32219779	PASS
686	197	bb1a0fe4beb502da47c9079b481c1c438719090dacbb3e114c9e16558d549c97	PASS
687	13	eb64e5afcfec8eab8e2d508a1fd4d1d3f7076426120c3abf105d3f9ab0e700ec	PASS
688	1,2,71	6aea11abfec68b533c42f687285d8c279948acfd7bacefa19b17146c997b3ccf	PASS
689	14	30f227b1d3d0419da59201a58cd6637e1945c72b878a64681390585f6530c51a	PASS
690	79	109c37421fb13ced53ebd91cf830a75b07a66dd3a6eee9514ae997ca5cda3ed7	PASS
691	1,2,242	18ad09f4ccdc5ecad8290e3d1a62f1253f5c74b2bb4e1343c1bec7fbbaa55e1f	PASS
692	299	aaac6689b8ecac7b7a7c65d8a4844fdd7f6d1fedded23e4a9579c2247faed75c	PASS
693	1,2,250	cc4f961767d1f0382b431ed0d48d00f25ec674d51519a5679d34ca0047fa091a	PASS
694	169	5025b41801ef972f4f691fe0cd578201f8b3c779731d6d4f6715caf04e5c8ab3	PASS
695	177	e98653ab627f4f983abb54e240d3f57d47a8a9140489989f7c4ac920a4d025e6	PASS
696	1,2,241	3da6fe4fd0e8df27e6d3a44d552298d0ba3d8b4be97f111ef8ae2e62d31b595e	PASS
697	267	0e9bd8cd770bc3d77713ac2b382093c1e5814fc816d3a95ecc69cfddb886b9ca	PASS
698	215	dce8e83abaf4250e7b7174f223fbcfd7daa2e66fa6a4aefe5bf9e48c055c8cc3	PASS
699	1,2,40	e6ac07e521148dd666156d251ebfd5ad5d60a881bae0ece3efff1debed37a1b0	PASS
700	75	43ab803403101ddf6eef747ee656c5f20c64e71a9a9b2a1f2a16399c10164225	PASS
701	1,4,63	e1ba60ede1f78426d60a58e4b498be6d7e6167ec11d8d3ad3a01ef29f3c8860a	PASS
702	37	60af9fc8f34c8888f3a37708e21fdfa0a3179af6716524ead018525dff9ef373	PASS
703	1,2,123	184f9bc9ae131e0689fcd931773f7f4fb5062eeb9b655e6bd0844a7c3e929659	PASS
704	1,2,277	c6a7df5d66bf6a13c378878b77365232f7cb0ab97492bc830cc2d8243b143fe4	PASS
705	17	297f46838f0d70ee9a20130f2050c6feb4095c09b5b767398410c923357334ec	PASS
706	1,2,27	2becdfef32fe2ca8df8b2b2ee8180e7aabb5655954d74f6f7be1960e9f5f5f63	PASS
707	1,2,141	72dc9bdd4018aea4f40e18513c0cd17968fb0dae105d7b45891a94078be43108	PASS
708	15	9338f2396b849cb033c73a8797f08c372901271543761bdb7afe840f05a7346b	PASS
709	1,2,9	4dbd45f903434b9c697e3f311da615192a3bbe95ec5a0ccefc018b4ab587d2a8	PASS
710	1,3,29	905af24c2247886bb79c669c414b2cb0d4f31e8b7823eb0cd5cd0db1b17ea192	PASS
711	92	d5b3e396ea13c711f089c39e5e3164bda5dd626487ab8a3571379716dedd696e	PASS
712	1,3,83	95f890ab2c4cee5a624ba905903f3b484d0db4991be28bf2860662079e3f53dc	PASS
713	41	e27d3f5771669d91cfe0806d950bbb32b3e3467be7eb14d94c116c771a93c76d	PASS
714	23	df832302dd7148141dd5b3df3f27ed8a303edaa32e56a7819d4bae840f514d21	PASS
715	1,4,7	573fd3aeb0bae377112350112f880f91e7d7918885f82c47d252f897aee9eb20	PASS
716	183	6656f3d2879fb831276fb8a6548a3f68e9e4c6c64504cfbd592ac785630e1db8	PASS
717	1,2,320	151ea8e3a144e0ca6ad02db2a97b57be8d758151f6784fa392c609e7d9e677ad	PASS
718	165	177d9737af6d6e5c08ce865147ac804c49ba48564bf03184a4ee72eac5f51e71	PASS
719	150	219313bff6bcde678650eaf87de8c023fcf8eab6dde1a957b6d84243dae7d213	PASS
720	1,3,112	41a08602660462d21e6c59ce6d369c21695687abf0d94c3307d5bf065b78460b	PASS
721	9	ea1aec0815f715aae5507c30ebbe3f6e618568a2e1ca4515fa299f3bc7a81211	PASS
722	231	cb897aa8320a543175c0dcbcef9fd306e7b33b47c10546b99e7efacf19da6303	PASS
723	1,2,268	af650ce7239934b7bdf27080f6a16b6fc5eb80ab77325c77b81dc0133a52ebc9	PASS
724	207	015e068dcf4cbd00ad6de261f2591052af9e764fcb88eff128bd094124c62cd3	PASS
725	1,2,331	0617889fee1e6587aa90f70ce60202ecab48bda078f6d4879d63c469a4f0d07a	PASS
726	5	c0626d2d9f602bcfa93abe8790a58e7a63d560d682e5476792fc1fa9f70322e1	PASS
727	180	9a064dcabd9abe49207c0de8b9e2d1d3ee139fc6ad49c1f07225d18afb60a207	PASS
728	1,2,51	db89129a652a0a16abe801411fe25095216ae28a13456749a13830210c397151	PASS
729	58	655a2bd0afadb0963793aa1188879cdb28356acd4c81dc452cf48df9ebf43bf1	PASS
730	147	a1708d668fee04e3a939b763942498fa2d549357f4fe3af39a6ee10dc378f258	PASS
731	1,2,69	b54abe5063af2fed37f8807622db84768719eb61ba4dde2b4fa08caf57780126	PASS
732	343	3a4178c25ca2b3355dce3cd13249135db1ffb78b78203a73689514ba463f5944	PASS
733	1,2,92	4c8bfa557d1799b9371f8540f99dcb2498b91525662917487bcd276ad65ba121	PASS
734	1,2,67	6470aedce668239e827c6284a80d946d83fa1bcdf622e02d7c9a665f965539ea	PASS
735	44	b82dcd7d263f8f2e338c1273860c133a598803d1a9f6495fb42c87b73be22c42	PASS
736	1,2,359	c6aacff8247bf602d8d706cb087667010f8943a8ac971ae0d65f18f607f258f0	PASS
737	5	3dbf4a9726e3722f667d50e89baa9c57c1d2f9b6ad71c0ffbfa22add817c3a87	PASS
738	347	7b78c89d985fbc15cbbb1bd1ef9aa80f56ece2ce14dac1956f8ac1ec490f8a57	PASS
739	1,2,60	b85f3b75c320fc2f355687a394e66b5f301c82e334946ab09896e09b3d9a1e76	PASS
740	135	00beabaf443a0bb28fd3b89add7aca75f97d01aeca5b2483d5d9786f776deae3	PASS
741	1,2,34	c3bedaff0af4ac667d307cd39973328502572d8b3310e440ea2827b3abf63517	PASS
742	85	f4ec6511f10d0e397fbe04d5f844adeb4ad94b18ee13b675a90feef0efef25d9	PASS
743	90	66ad1c5741aa21d2eb2404a5df220a39810da4e60972761063cdf889610cd008	PASS
744	1,2,347	0949a620b72f92def3f8e9fd730555afccbb07931b56254d257973d207dc2b1b	PASS
745	258	44825395fa78e81fa4dda841e7a5264b95d6afff8f7102d46e12e3653bc2cf86	PASS
746	351	5d94fb87e09e476e6e7fa4fa901183443622b5bd369a0891e62cd166dc2bbe6a	PASS
747	1,2,158	c2e19842ab7ab255f04824d6476d297b072c8ca73515dacb517a4d3ba4406304	PASS
748	19	d2b6d7b42baa3716c6ea3f6f20b8b2a7d0cacfd2121bb93148c649d6eddb53f2	PASS
749	1,2,357	8f014f6677c56720775ba2069f18a263e0f8b6412eed1427075801c40feac48a	PASS
750	309	4bcd5edf139c5551c91b9f60a2740efecfae44067c25053ab4a012318c1db68d	PASS
751	18	9d894507f4535364b7fd7d660fa871aa4b39e1a7727acbef10184fb662fdda5f	PASS
752	1,2,129	1f7c139f32995c64e5bce32d7de5799d388158150f2a825ab6a862bde05aa475	PASS
753	158	0c04d1cf35509772db8e7526d49535199b4f7e7e1a9ebcb0b2885990da6ea517	PASS
754	19	67e98f83ca3dba1800bc7355f6f6985da63d97a61d55de4b36da40ae266992fa	PASS
755	1,4,159	1c1c8f3e87d1ca921f29311062dd439cc9af60b5c4606e40a8eba2e243281015	PASS
756	45	f5144bfee939e290bf27b95026a50713a59fa9287bb1ea6dc37a32466da7a271	PASS
757	1,2,359	6f276701e87d02c8ab9524eadef6f0448a5fa78742abe6734d5f2494043dd948	PASS
758	233	28da2e20b4e7822771a9a900083152a8cc43e90d5b6db0bf8426a152b09edc80	PASS
759	98	c64aba558abf783a6527d31511df80c48e4aeb357cbbdae3f89aa9c4a95f60ec	PASS
760	1,2,17	9b6f2a51fbd1bb8ae0cc8f55dedc645e89da17357607dca7221bda2a62e96a19	PASS
761	3	b8c58bc550965efd6fba8fbc5d309adf31c42ab0beedabf8951a47df47e3b1a4	PASS
762	83	243287d64f3bcc4b9864662c6a601429f041dcb01d64c88c5492bdc876272af5	PASS
763	1,2,17	293f934330f0dc7be1a542f3bc41a89e7205431228f378bb3a3db1c405870fa9	PASS
764	1,2,12	292ec16e64c334972d76c667b62be85d3daa604baf0b9d2f31ad6801d7623f6e	PASS
765	1,2,137	590dfff5bd07517324d952a29a14b2b9a18e14d133e2d3ae3ab908ee1cc176f0	PASS
766	1,3,280	e368127a907ef07418a24991695ab7c72fffd121fbded07f560f9b6760d5221e	PASS
767	168	92736a971c21f1cb49875228af1ad4d60f587ccb3431e48315e409372b8ae872	PASS
768	1,2,115	baac6f3ff92ce961373bb04918bdcf7dac1d934e8843b73d34a1822d1090d700	PASS
769	120	a410c8c6942919e50ddb3848de4d5e137a5d6c8e4b506f58db0690d1bff227f1	PASS
770	1,3,359	090506a3e1fb11d0e88620db3a8fc34eeeb54ac96630ee8a9672d23ed08a981a	PASS
771	1,2,86	e26bf8998be89a759d5f4db106953650331d45ddec4d250902ce0e59213af7cd	PASS
772	7	97907abda025e1ecfc9c1b003344855331e1013d1ad983be9472770e1971a2f4	PASS
773	1,2,73	d8b5d4c23c74be4e41daadd7455117f654afc3b7ddf5a33a113345557746c52f	PASS
774	185	96e83931f01a0c195c7e035322bfcabd995b558d5442a5670db962bc2b085df9	PASS
775	93	e161f2c0c9973c4eed8d50f8e87b9bc2abd498404f2e345736061bd3aafc05a5	PASS
776	1,2,51	71148bb45d36af0898cb97874a223ecadb3805012af8f36543ba557fe8a80a4a	PASS
777	29	5dd0f786c693ec4d4a6969fa0a5db39bc9729d36797e3fc6ff1e58144946975b	PASS
778	375	f8953abf0592751bfc8a70a288aa2b6380721a02026b7e35a19ef9b9468e4a8e	PASS
779	1,3,194	35548432b87cc3473ca5796d40f0260f2c0ddc05797de2ff8a5ae6cc8745fe0e	PASS
780	13	2e73855e74aaf96984fec2f007d3f4c6972e5ddcfc216c97faa5e8a7e5ed130f	PASS
781	1,2,209	0a54ca64f343f3842bafef3da7121b37e0bfdc6546ebbf901731a306e1ca3c90	PASS
782	329	f9e374c2da6a42ef6266fe9017000c6a33d492d1f4a5a83e69519871e077ad80	PASS
783	68	b40ae1f82645490a7116b8486aac0633658fc1fb7e5d1f97ce8dcbc875303d75	PASS
784	1,2,59	7271d34b365bd27cbe26e3c3666b33dc80047a22fd9a36eb3f7e5736e25c0806	PASS
785	92	2f6c27d034e6fc532b34cce0f7dac80d7ea426de1ff8e42814b6ab815049080c	PASS
786	1,2,118	a509190559b65f85e98acd4a19a67aae33f1f0b6c95e6534bb8e26e90b1f274b	PASS
787	1,2,189	bd545541096f8292c132b4bdcc61e9b0e808041b6c7bafd4ab9ecaeb210032fe	PASS
788	1,2,375	e86b1f35e58e46d57a6d3c7fa9fecd493ae3d9af078dc5f3dda19c5dd9333370	PASS
789	1,2,5	abc97f3622d61b6d0bed2a016aa094ba81ea9fcb2d6e2a452c11404ac8642a34	PASS
790	1,2,111	7f8c733b6cfec1d7a67e77e7ec15354754ef7dd0e03bbf9d1a2bee39881f7de5	PASS
791	30	931aecdced40b07d5625924b1acf3dd36931bdb3567b1f3615a7e06ddd09faed	PASS
792	1,3,276	a445d1de00d9c281fd3276ea557183504cf254012a77a8e676456be616ee5298	PASS
793	253	233a78c35325283ca42ca1cf70275ed966e43f354610b78862f88865d8a9e8cb	PASS
794	143	7a8e5960162e41f3a90802814b5ea6c05b979006757873cfdd25ad7fe64403d2	PASS
795	1,2,137	350f6003b0bd50b53aaf70e273227eafdb269253cfb5d6bc959f51038ca8d42a	PASS
796	1,2,36	cd1e4d245df418276263e27fdc7af9cb8303645cece12d0c0a540f2464557d16	PASS
797	1,2,193	604da9000baa1d35697bd54feae9115331bb544f9c1f2ed474409a5bbf422b1b	PASS
798	53	8df59611eebe33ce94f883faee3a0dc7ea2c5b9167e7573383fbaad8b5e1e56d	PASS
799	25	e5cfd2d0b30654baae9f265d63fd96495a3122bf2ffbde4004e161bbcc9d1ff5	PASS
800	1,3,299	ed46362d17669e04cf2834b3e1a17dc75d979f216d245a5524350c7e477da324	PASS
801	217	989d5a629ace63cfa5b61fe7a34df4f21bfc0b6087c396183abf1cb08a53a92b	PASS
802	1,2,102	0f07c0ff20d90c24bebb6a434c88b864c956009ab5c7985e45c1d3e79c9a0285	PASS
803	1,2,208	8cd09c8cf700cb46e98ae643b2626957b985205e8cbc358f6eb3c9851de6cc82	PASS
804	75	4407e5e19b9e6157d7ed719c2ac919a7ebdfab2df6b31e94858d91a0abe721a7	PASS
805	1,3,212	37c610772ca7ba8af784eabbd9ffa985f06aae40cf312a6d727156727609462e	PASS
806	21	7d2cdc040dd4375350050cbd7986a169cc2ddf2fe5bba1592bcacb6ccee7aa75	PASS
807	7	47faf240f97e4016193192759ca9fd701379e730d8e0c641c72c2bab275bf964	PASS
808	1,3,175	4a698bfae224513b295568ffb2307f88e6b866e0f75c44678024e107a18cbb13	PASS
809	15	c76c4fb93c5aadee47147e45400b1d7a9529a788c528b2288b6e49aac4d58b6a	PASS
810	159	8a45cf1e22a7a62462cdd8e704bcd328a188ba71182a4f6b672a6ba43c53ebfe	PASS
811	1,2,18	cc496f80ed1fc2c39e60a5404d9fc5751dc6d9bd44a01a44a5098c60455e1471	PASS
812	29	a458ac084c5c742943d866228adfaa84ba73a525ff059d5ea4a112e1b4416574	PASS
813	1,3,10	ba6408657c50851b7c975f8ff695061051bcdef0e1c576cd7ae35b7f5c5b9cbc	PASS
814	21	53373ac21742c1a7f69b819eabf50402dba670749ee5d7b67187b2602caee6ba	PASS
815	333	4311189514415217ed8ebd669c8ee62b6b03c440c3f3857ce3be39d2d697f95f	PASS
816	1,3,51	1bdc0bf46754764492553c150c47662576b0fea3f219dcb9c7c917de95b09d90	PASS
817	52	c8fcd40579eb036f3d16aecc4b285fd2b9f270a87b38c9c06ccd7871618cf3d1	PASS
818	119	05975802a9c5915bf393bb113c3f82cff55cd4124c7b60e9baf7c7ec191aca13	PASS
819	1,2,149	d2084e329cd027179f0794e76e53ff36301a201a279c7c4b7e96f837a78cf588	PASS
820	123	0477c2f7ff6b9262e2c210393352f9301111bffeab615b54504046d1abb17dc5	PASS
821	1,2,177	62f5742a88412eb59bd6dd801c2505139c09b2da5c6c57c920248b63b654be00	PASS
822	17	0579f36fc76046dc723ac57f9ecd651255a51a5dff6564dd53eb079dbe52384a	PASS
823	9	b51bc939c895528b7c823f33afd367e6c3602ec41af32d554a2fba172b0d3b55	PASS
824	1,3,263	11c234cc9fc6b0c44a9135df1a6ab84eb10d0b5cac35fc5c53bdd6aae4059fad	PASS
825	38	f11d63c1e761a12a141c4003fb7816dbec996f94dc30ce825309c3909fd98d5b	PASS
826	255	27af51833c8dd77070544454b81b85f23ecca84bf9430ba8e3404e71116fbeb0	PASS
827	1,2,189	07764b3bbd7bd75e99289d5ba02d2f8794244bb78e11f1881ba23988cef85c16	PASS
828	189	dc7ad4d457679412048f02e4ed6ed85d3ecb225460bac89b192e7517735fc359	PASS
829	1,3,4	aea87517373bf1ee6c117136bc0e5534e1a7f9ef50dead0ba2c71e77add32f80	PASS
830	1,2,241	cd55f3ca3d54958f69d4bb27e7112f460b2e7b1209488d913d086795820808e7	PASS
831	49	69794c2d7220ab71d8fe54be802a4c3fbfeb65e9567b0bdfd4a150f08aac59e3	PASS
832	1,2,39	70c7890c90ef83636bc6cdae4fa3745be1f96b54cf09e777f758ba012459ef09	PASS
833	149	35a023c98e9e3eadd82b834c1ee51d0a2dbfb76ee9997db5de696838e19f1267	PASS
834	15	a3d08ae660a353f9bccaa804bb014e7f9f43697f54629bc02069dc65243150bc	PASS
835	1,2,350	40ebb53183e18cf673cdc2f29b546409eea79e6b6e56beaabc78618f430de645	PASS
836	1,3,85	3cf4738f0956f2a75b33c74eb213efe3e85924212e01313c2e1f5ecc6885cb1a	PASS
837	1,2,365	2b8bb5c8f7c67156e6154615628eddc08654d30939b6c71de7df8d36a3c0d146	PASS
838	61	50b1d788582b08b7ae4849dc1690f2121214ed5782ec00949575791e49f151b7	PASS
839	54	16b25840b3763bb0f0ba3569ba2d1778f55d73a535fe38d48f31091b2c39f4ce	PASS
840	1,2,341	12a1b9bd777a0d50089584494cf44fb4d025653ad5fc75b82fc5231c75fcf009	PASS
841	144	fe0213e7a3a0a967629944fcb2723b9fd84a00c13a2ebab362205247f570bce8	PASS
842	47	f9a9784ecb44709371f5011bd69f9178ee98057de28000ec291ea989c759c485	PASS
843	1,2,322	2f2a34e65fd0b6fddb38c8be0ae053d1885980be45bced48a084647c6e3c741b	PASS
844	105	328393e5c212d73390ea03dcc452a88965601e3905e14572c9c357c30d9d3c66	PASS
845	2	3a149379146f77f2749d1102571c3beb42bec162fb56f0a8eb2911bc1a812b43	PASS
846	105	9f6e49bdd4f092cd86bcdfcd0e8ebda2fcb5143c755088768ede625de2ef96f6	PASS
847	136	d152cda35557b63ac5d8f6e23dc357e09e29e5c58b40e11cb3ebb7f08b2796f6	PASS
848	1,2,225	79f5b8e41b14d808c9459fe71efee75d347b1a73505000f3ea964a5806623a65	PASS
849	253	5f31a71d322eefac19782ac0aaa01d0f68191c7582a8e518330264fa03567cf5	PASS
850	111	f3544b8ed1c53b1ce44892a58fab832041dfeda4364b1c9e4fb10b15d3a52cec	PASS
851	1,4,239	6d35eb62a48866484cfc335e360237dca69d37f88b3afd748beffa2d897eb3db	PASS
852	159	a2f2cef57aae34c7341fadb0adaa0eaa24175c146f4c49b49b08de8320241097	PASS
853	1,3,74	478f283571cc6e39a8cd5b0a31e49cde0c25a1f0908eb45d9c73343163d65469	PASS
854	1,2,79	fa71c9474a4cee496fb7275832c36351ece58a504d031723be33069706120bb3	PASS
855	29	24474fddda5670898204816b9711860d79dd9f5a25a22a960ad156219a58ea8e	PASS
856	1,3,68	4523744426678d7d01549a9a378928bbe444ec05c3410f3445e1fe1683795bc7	PASS
857	119	15a9a45e15a39a58b79a6fbd659704bceba2d3db929c34a807e47f888e5ca629	PASS
858	207	bbba1d202d567fdf7517f2fb022c94b6a91ad652a6ea4ca743cc6e98cbdae2a7	PASS
859	1,3,64	f6c2d2e86a38193e04925a458f5c087f5c6a6675b8584c87c095beca83b09157	PASS
860	35	f5632c25af26da1fee9a7186681dc2acce8e70cdc2a0937dab51ebf19d798d16	PASS
861	14	dc74afa1379f22b838e1d4d3630db06758ff5eb5173caf583689bf3b277bd52f	PASS
862	349	6c740dd6c991fa3065a1aa32ef1e31f767e206bef2f77a5a94f53fabe3ddb8f4	PASS
863	1,2,90	4702687529cfadf20ed7f8311ff4050016d687967cf49a027af1167e4e08011f	PASS
864	1,3,79	9a1074fe20aaf6870eb8c23188c1212b1e38f3692ecb550d96871236d5ef2d62	PASS
865	1	8d09859145663e1bf7eff7ac449ddc23030b101986352f07799421a7ed2ea817	PASS
866	75	27ccbca9e45d004d432a306f05f8e6647a1458349df96aba756e32f8ad8807e1	PASS
867	1,2,380	106dd49f6193c96eafb3cdcbeb1127e110887dca6274fb31dfa114fcff220498	PASS
868	145	991b747de9a6c0da137b7023e23875d3d4f04335685c73476a555774c32a5cc8	PASS
869	1,2,82	ac8c5d0eaf72fcb7829a8ca740051c9f8501971b9e17be338598a5e5e501815a	PASS
870	301	777983b8d9cbc6363d3b9e5eab4493fd57dba1b5299275626f337a4eb0177adb	PASS
871	378	4369488abd313db3af42c5dc8e8b274ce166f735a8fd557a0151bc9d62a7cab6	PASS
872	1,3,13	a2e3d2a229442fdd759513c0e7a68206dbc05ce55a4f2485e64e8e11c461fb94	PASS
873	352	8647040f0665a613c9f152085fb63d7f063505de70858ea45b18013a8f336563	PASS
874	1,2,110	9f11aca20cf48d067d04efb2266e70ffe7a0ab888d04926caa9e5817dead5415	PASS
875	1,2,66	6670895bbabdac964f453b355277a0fa01b242441af5b3d87bfecb7db0753d27	PASS
876	149	df840c380f55397440e74ffca5e8a80042addcaa96a6edab65f16678498df99e	PASS
877	1,2,140	41b5b367dcc6a7299ab77b172d27daaefc75d9a07c899071efb0064c83348404	PASS
878	1,2,343	84f5756aff66f758ff77dc09bc4962f6e31ff8dd6820bd259b3839f0276d6b6d	PASS
879	11	24ee1dc67443dbe43acf1f593ab3b5250f3f78655abd21f5839b7f07c5bbc8a4	PASS
880	1,3,221	353193d9bbf52c991a9bc710d498d436fbd68e8197646d2763b84fff8b8e18d6	PASS
881	78	34f334c1ea5e2e183610bdcbb6722fa0ad26efd4cc2135874aaebcb0b13a62ef	PASS
882	99	abc48dd966d2e75c87131c3e22d86586ad68c06406f834fb4ac9ca3c09c397e7	PASS
883	1,6,230	fbe92c798891dd4405dcbad3b6421af2fdb2aa83d22ee6c3c99aa7a59e37a39d	PASS
884	173	304567cad771725b52f0efbc743ddfb81bbd1458f0191ecec404f04eb8093913	PASS
885	1,6,387	fa4dd3d0070e28eed5bcb1c41b7668796e7f1ddb327710268900371f3ebff2a3	PASS
886	1,2,227	1295b8f18667287ac20b6cfbb79be363e1180901ec23bf20ccb13f285da1e239	PASS
887	147	29bef7f5c3ba3ec3269a1757accb6a368083a6127cf66804c732c1bff4a7cbd1	PASS
888	1,2,97	ce732816f0dad473e7f2a87a6a994d94cf75f0903d0f27fe60920928e20aef54	PASS
889	127	5ba564e121f070c8f7e1a23fe6e128348099315e010571433ddaa8efd32603d9	PASS
890	183	960e19e6a69c9dddab709025deb2be4af18caccbed8f3a4dbe25a0dbc334c1aa	PASS
891	1,2,364	baf4145dc7b532f078668ca59835417a3798184b5e0c62f04f22d2bf2f91aa74	PASS
892	31	27ab07007fe1d4d3719718a579936a5e84153da067bd78061bc38a69ff53bb70	PASS
893	1,2,13	e3df8beb44d23520d87bd14fd3311f20af2a386d1b78b329b51f432147420984	PASS
894	173	a90340ec9b151a881bb3389abc6115375fff7e4410e02438dccf46908e965d1e	PASS
895	12	76b136dbc0d4d1100b401e5f331c03aa84592ffd2b47fde66042e7861dc94343	PASS
896	1,2,19	4d4a756307b5680d584170583eacd14f2ce74dd48d9626e87d7d6a39df72cf87	PASS
897	113	7c9276bae70bae498bae8377c29d46d159a0c20a01e68f3e9ae800fdfa429ccc	PASS
898	207	f1a927620f2a37f2bc5873b6c5d118ce957323da8fc78201f14d61a0132ffc31	PASS
899	1,4,159	9342af2cc1a1069bb7f674e9092f9097bebd1feb0b513ce333b720412da4e327	PASS
900	1	ea96a9354976e845093e6c40ffd57ab0b0160ee793c15c89d44df3a2097ed54d	PASS
901	1,6,127	0fb84b1c1aaec63daac219ec5259c3e5a60d9cdabd1bd854db7cede0494452d0	PASS
902	21	38557d10d43268e89cb44fe2349524dda7ff6afbe4713f3f1825e999800a0cbb	PASS
903	35	6967def8150be1be97180193d017c7e015f5d16b0c972c9bbc49b10c55e5faa5	PASS
904	1,3,60	af8eaa1c117c310a239ea922ee3f3fcf34478811d46ea5177994a5688bca0463	PASS
905	117	9a9ae2bcf00f3e14303cdff0027af66ab21e390a8708b88b0e4daae52620565d	PASS
906	123	0ed658f92e5e64d2297e0402531d30f777e4104ddded47963b53d5bc62cebee8	PASS
907	1,3,26	fcb0f47cf51e13ec81c1630a7be4703cd8f0d81ba25a8d6091d6f699e4c8dfd5	PASS
908	143	23a814346b6601600a9de9d9f5b1542c96afd76d7603e69c71b4371eb9b95f39	PASS
909	1,3,168	3efaa02e7b43e535e0f64ccc637ee3799d5a0409920648b1fe9371b2b561acf1	PASS
910	1,2,357	c4997d2b5d602b4c879134bf9d670375a16199785e3a998be19860e9f5fb34bc	PASS
911	204	da498376aba13ef259d473eb90bb1afb99befa57c346fbb9cee8ad6ec4cbaa9d	PASS
912	1,3,283	5cbe23e7317d1ec1434b168fc8e4eb0cd4778a094ea0185c69e20d7b4eabf014	PASS
913	91	d09531f58490f7c482443c00c8f7cba2425b00e6b74f53b27dff0911091b4e27	PASS
914	1,2,4	8cbd2c729aa16dc8324dd01948ef2084198192906304e2eb3a51a1c15b1254a6	PASS
915	1,2,89	71c4acd3f15daf344e615b8e9296785378ee17812e41d6474f3915a0e3483c81	PASS
916	183	a4aeb3b58cd159287bcae18010920304f1b4fd92538c45e2e5bd6a7f09ca1253	PASS
917	1,2,22	494a3bd1dfc45e7bb9c492dc26c4a85a7c70a00096867965103d0ccac034e9b5	PASS
918	77	f675295b458596219951e5b9dbfab9af5bb7528516eee61a60c14b6a155f3a8f	PASS
919	36	d3bb13bb57377b59ee7c991b3ea011e363355bf9b5b3ed85eb6c866f2f436c2d	PASS
920	1,4,59	14c9f3b4609609093215459100f37e5ef2f5987713ec7c804f992cfdc2c9d35c	PASS
921	221	5b6938b886752a3dce5fed9da638824c57767caa5c45c78ba8ba51171cc75d7f	PASS
922	1,2,24	6c705f1028519efe6f469eff0c8eb6c352f315cf1cb0e70557317ac75cc4a27e	PASS
923	1,2,142	bff3fb438e957a702a85ef7ddaae3285149d2983ab2f1ac0370077187a2ae050	PASS
924	31	22e83fc1afab715fba788bc2c1d0dbef362ba74bb093dbf186de6133b7e5fe1e	PASS
925	1,2,308	c6184e5763a8e61fa6df3269e35fe94b9d802d4ae3451f60d735ae41f17f910f	PASS
926	365	fa3440c9687f020f9f0090ba12fdf549d11a833a3d60189832355bc39730e8ea	PASS
927	403	a84b0d12c0d241eed7e8024b33b22b14cab70e998f1f6d43715a4bfd115ea8da	PASS
928	1,2,33	4b21a4639ecdae432a9ed2f4a144943db0b0e5e94c1321fab0ca19924a3d504d	PASS
929	1,2,36	24282a8affe9134a4a12094b2662ba9c1cddb9fb176f4602cafdbdb14ce0e6df	PASS
930	31	cc923edb9570135c75c8f8536a609e15660e20461356d5276badd7e7c6ce68cd	PASS
931	1,2,72	68862e48448dec7eed886987393b8702253915800d19adef586c07f0faf521cc	PASS
932	177	9fe501277a2f9c7e73f9f89dd209a1866567ea834a49bbc55dafd94cc4c6cfeb	PASS
933	1,3,286	40aef2bdad7a0a6f84ffc51cbeba9e67347b4d3159376a195793f1d0e1957c47	PASS
934	1,4,121	48acb2e641b1014c22fc519c821408ca11895793699e3b70b36e8a5ee076684f	PASS
935	417	0821712c487d63b9d06fd54b00c75fc4247e7c618a562bdc95445deb944ffaeb	PASS
936	1,3,27	8d7557de328a246edc6d63d8b1214aed3e23023845de106b25367951e5ce3c3d	PASS
937	217	89e1fa35667aea14c33413e5d35a6f638685c842fd8bfa68c7582b60bc77fa93	PASS
938	207	ac96ffffbd1825f8f26de3d402027446ac5be3e3b2cde5bc12048416e97ffcb8	PASS
939	1,2,142	876bc011ea7244363901be984c9ce3c8db39347fe23cc0469604dde3aa1d1825	PASS
940	1,2,204	f30c45f18445dcd147855e1ed9fac66d66dda46aecd086ba06995d9a54b60fa8	PASS
941	1,4,183	4fbd606d927a0d583869bde7638445419f8622a5b8219d928fa39880a05adc10	PASS
942	45	645df0482155b4c4922b67760cc21a97191ebab7b89e7784dcdfd7d41e336817	PASS
943	24	fc32e5b3dba67dabbdad7902dbb87da0fe11a962bf78437a4aa18db57f3ecf03	PASS
944	1,3,113	5f4a2c2af58d60dbcb3716a3b5fa32b790d9c3d53e596d9d06955140201dfa84	PASS
945	77	fe8dbc44221fd741a676b3c66f399009d9d17e1a7cbfe2996b345cb05b0ff124	PASS
946	1,3,83	2ab1ac5e8aac1eb1db7e5663ab69004c502a03a01bec61a448292a9fb9a90331	PASS
947	1,2,400	b7b04aebdbb608648d137d533deec7624d9bb8ce56f3a4a17c457fd01dc99de7	PASS
948	189	595e5a92c71e8439594d1688a2ae4db6315fb38ac976f1b59ae2e804b4f8c3ef	PASS
949	1,2,417	8e6eddcdec357bceb69c78cbdd9e0663c672832b3b2863b9afe0b6a5ceebf41b	PASS
950	1,3,121	61735edd92b64c2ed9a394b56f484370e2f6ca3a583d1b25ca5fb94a0bd69875	PASS
951	260	5fcde6a7cd4ee149e6f65cec457a2198be715dd79cd42b0759166767cd3db943	PASS
952	1,3,311	2600b318d3c6ae5a8f6be073e81f6c26e5a0e7006009d23387274646b6a92467	PASS
953	168	fd650ec91f554aaccf8827f27c105304dfc05c425ef2347e28dd994c0e8128fa	PASS
954	131	54f1879346cc1819a48fa0683737afbfad831b2247d58637fa8dda3e7a103272	PASS
955	1,3,64	e2b9d74486f269ddc3d090df984d403a039f7e73a06b9147c8f3c324f13531ea	PASS
956	305	77e5709a3896ce839d7fbf23874bfda5993e51064c320b7488ae631b63b5feee	PASS
957	1,2,158	c281af010a187ae526b2982b4977449951dd9f7724d0977cb573c62d03a76a67	PASS
958	1,2,191	eab8fa07b0b1a1b8ebceac41f44e2000f0647fedae3af8cc4cc1a8ca7973febf	PASS
959	143	a694e2a1dc05508bcb81763e6618611f2dbbff730a566197440bdff1cce92bc1	PASS
960	1,3,76	3ea9d340cb9199f5e3182613bfcc0f3f5c0be9c4667caeb074f1344e770985e6	PASS
961	18	a5c4a5fd54763691cb3b901e7845c313d5d396ba43c7c2defd1768e81adf5188	PASS
962	1,2,18	6030f21042999024945be6caaaf390e8a1d42e552084296fe00974fb851d485e	PASS
963	1,2,145	baaf5a50940c22670a487f76c7f5b7cf5c0c916bd9b36803e529afdd0fc086f6	PASS
964	103	bf95806130a46350e1e89e68070cc4cb188b016ebcffbefa5678f15c7c84fb5a	PASS
965	1,2,213	6c11fb734debbff6fe5d1b921f04cac47bbfb7a17300d36ade7209f4e5eb1435	PASS
966	201	540fabf547c9e31bcacded716993795f654a084d17811a390740201fe7885db9	PASS
967	36	efdf9471404c85a4c678f1c7a326bfb265f6e51c3fa1328dce27f465fc976be0	PASS
968	1,2,21	b5c9f6fdc272fb210dcce2fccfddcb191d2eb3f679a99c25d3c9ac3e4998249f	PASS
969	31	95b051f8f15f03ea14625ef6ef452b6f85e93aab72badd7241dc31196cf28cc3	PASS
970	1,2,260	8399170c5c5fd589da130f2f001a1a365c091cca00dbf884077dc2a7259498ab	PASS
971	1,2,6	7406399ff63d7323d65475437e4eadef5743c6ac05a4929e0df8ee47f231914f	PASS
972	7	cc78484f83dcf8fe6cc17cd135364f91f07fc45e9bf47f0f3aa783f9c5e59107	PASS
973	1,2,113	09eec0bf84423ef376d679075c78fd81163963ac716e41277bd8e7eb6c58245a	PASS
974	1,2,211	9356f00421406d66e163278c45e73110ed026b87bcfcd881b7ad3bb40b3a2b10	PASS
975	19	dd9d4e7a971eec554a9809b00186183f3822e7ed7b19efc6181ac67e76eacfa7	PASS
976	1,2,285	25bf72b0a867681bd6d430733c58d04fc4185856b5b45c89c2395b822a22e616	PASS
977	15	ec437dacc88661ee85b136c97fe96f8026fd5413b55d70b14ec8cb536b3fa947	PASS
978	1,2,376	cd8038e208c6e01961c94d12ab1e83ce00239c7f79690c0d45130e464c0b88b7	PASS
979	178	403732179cfe67dedbf6c2f58fc956d9629f305f0ad24641a945939144466fb4	PASS
980	1,2,316	90fe3b3c50690a2b43add5a0b60d4746776bc75e6d9cbbded863c58d91665791	PASS
981	1,2,383	137ddb680d8c4dd880e743deaeed085abb5f1a10eebe90427f0c92db616bccb8	PASS
982	177	199dc66ac64e17a0feb1df354d15e0a4cadfa7fa04694688abf17254a2300b7a	PASS
983	230	9cb3267c18f735ed6dd4506a46e7cd4c49ef4e2602aeb52d22a3f46be2d11f5a	PASS
984	1,2,349	e1452fa3e678b634f08fefd40d85e0a9bf4f7966429210ca3555babc54dcfe6a	PASS
985	222	45b80d86d0f8252374674bc4b840214177cf67934e5f501db5498758ecbe4c24	PASS
986	3	e69bdeded4af7546d95c9df54b459ec8b15cd43be2d1a6bd6b9b533e9dd3f558	PASS
987	1,3,142	4119374884e3a497afb34c3784348d2fe1c054adc56d8de99733cf8d4e84fc47	PASS
988	121	c057ffbb569651fef3aad71c11601b27c6eadc42b1ddd13ccb4441ccfc74a6df	PASS
989	1,2,105	8551d266ccaab8d63f799c9614ccd8ec3940af9750b80fde8add14ce220660bc	PASS
990	161	0fa85e2f6e0ba82686218514a9a752fb4cc9503b8d50e8c9a6a88b519bbeabbc	PASS
991	39	09183d4fdceff1f095e2193e24e304a7e36ad234150f0e45b6f44e4d25719704	PASS
992	1,3,71	44e8d4a3f7ae73294900b01744ed0a7e951a5f630489e7703edb3826fc9f0459	PASS
993	62	427ebae529d41676786d8207327fac3d62322ae053ed8469f05db03de4bd2a22	PASS
994	223	e3d6d1e692271144a30662fcd3682d9290da99b04b0eb84425284ee3c6030f1a	PASS
995	1,3,242	ece50ba0900df16b1a0faba3a05b85b9f0707842f9c4949342e52fe51b1e62d8	PASS
996	65	e3df0ec4f3f72a189c8f1b4de12770251989160665f5af5589d7ad59176194e6	PASS
997	1,2,453	5eb348948ba9255aa18d852624689b9d40c3dde72b5e03aced85909d2117d0f0	PASS
998	101	8e11440af55d3fcbb779f88ce1bcc9af8b2e35208e5b7319041c318960669357	PASS
999	59	dea0c8f41622532a1db8cac07cd706402bbdd4937cd69a42458abf7d2dba2f3c	PASS
1000	1,3,68	4b5994b9f17e2846cc00515467d7b95a3d6f5f0dbc62be52b81316f51bb23622	PASS
1001	17	029b9110dbd29e38360222b66c37ba51132a9cf33481b2b0ecd42fc6de88494a	PASS
1002	1,2,266	62d15920f37937318c3229c29ddb65ae541e93d24c0007dae562b39c843d5b01	PASS
1003	1,2,410	9fd5e6a916af26771ee8b43c3b7267729a67d1aafbfc2bb04df377105fe19e9e	PASS
1004	1,2,96	4218a3f70b00a7bbaabbc4c4128689282033f87d635020cddcb4b99d9b4d3fca	PASS
1005	1,2,41	c7ac842692513dfc1fe4653f7b219f7f07319fff4ac6d3abdb6e353f6c2abbdf	PASS
1006	1,2,63	20e719600d6bf9f449d0057d396703930215bde881595dd3aa4ba8c81ba3e5dd	PASS
1007	75	2249e05644b6b00690388645bc00b7af99b8f2f8b32fb5cf5c630e81fd0e0d91	PASS
1008	1,3,421	02809f6865de9395267aa9d852d62f2805b1ca5724def4aaef8592b67f656f01	PASS
1009	55	eaeeaffd7027e37ae2ccdc5ae2b0572ec3110dfc9804d6207255ab3c03e09445	PASS
1010	99	2a74a627c4bc5bc8d161786d390c48f4b47cc16a86c6c23b6089e2c66c74eb7e	PASS
1011	1,2,17	f4fc3ded8da5240f9a481e97bff0c20dfb6077171927b625798a9d93153bb1b7	PASS
1012	115	15447345969aec382239db96a75cb2488b069e95ed94b2a9b5190a06f3123ea6	PASS
1013	1,2,180	f00c05d76c4e2a6ff8b48f7474d90c06ce135b04979db640de64f6c74cf56b8f	PASS
1014	385	5420f7de0f157eab52cb181be1e46cf43abc3a57875aa13dc7b88e2553442723	PASS
1015	186	9267037227ea41e759d9570bc2c25594191aa569b9ad1e112e7e92d8deb7b56d	PASS
1016	1,2,49	566deaf3b08dbe6eedf242769a3a8df62999c8fc866394b9eb99bdae9b6b8315	PASS
1017	1,3,105	81750d7a91eea03aefc5e3cf26e6952ff0237348a471da3b61957ec7ab957158	PASS
1018	1,2,27	7c19f94b96532580fd025bb7d68b12a2b54a4379df93f9ff4895465b2e3a1b9e	PASS
1019	1,2,96	4765b9a738ef752530f551925e8eab7721a3d59cd17b46b870560098b2ff2cbf	PASS
1020	135	caed653502b94e6e32b8540301e7ce17b8ea5f83bd00f6b37ae58eceeccd57fe	PASS
1021	1,2,5	f117c95356f802ee82c86adc8b48fccf4f792f6f9256654ceefaa08ba28a27c3	PASS
1022	317	e760e150589effbb7f1bb8a47300cc20740965a6814cb368c84071bbd028a9a5	PASS
1023	7	edc42bbae2d8fc6427b974fa2f92de4765863b19cb14bb9a28f4a89e56cfb1ed	PASS
1024	1,3,53	607425e27e913154bee539b2cd915a05de6ad4c767878eadbce5e3c17fd89913	PASS
1025	294	e87133485487bfa45d0347e7faaf647ec1f9b243fa6a73a3fd76b037aa5415d8	PASS
1026	35	fef21839ce7986bc1dc01614a557abfa49ef34befa3d9629d41f1c8894306dcb	PASS
1027	1,2,378	03663c7880a99585e6031a4f88e79e23f51f99d1183e7997cd25afbbb6292481	PASS
1028	119	014a7c3f77f2f20fe8a2eebab0e6ff7e934b991022557aa3c1c7efc6d5616d9f	PASS
1029	98	c372e6673803f47d08b2d5caf442bcd905ea4716fc387817164ca70f9db9fba4	PASS
1030	93	04c1a7830577e4f23a8dd87ad570078d2adfb0fcae47273b6b9e263b9bb57cbd	PASS
1031	68	c7a157bb544b6972c428e9ef71ada3e1603681b5f50da4a205be5300da9141ac	PASS
1032	1,4,55	bdfdff09ce9091fcff521b6a86b0a2d388c3996cbb3e5c9692beb2831956bb1c	PASS
1033	108	6a86fe7949c778c2bb86d855d5037409fed67b72bd9669e515912f1dfa1af760	PASS
1034	75	e80b8cd52436b193eb9ad1d253f55df078334f110a081c713176fa1052d03136	PASS
1035	1,2,76	263114e46215349114f2f1d2624412c7d594dd0b35f922da5275144ad0d69d18	PASS
1036	411	2b90d4fb056ea18cc4771b4c8dcf4d0b08b9499c45d43660d624ecce5163d57a	PASS
1037	1,4,267	d045137876c6673d3bd2d9cf584e4476baf9299634eca3ba674343289838e87f	PASS
1038	1,2,41	6392e6b93c0354c28025a932b37b2d842e88dda030c8b1f9d4d6c6842af5a9b1	PASS
1039	21	bbbeca362ec0036150ac4aba3fa1b407712ffa6238ca112adb0031ced712492d	PASS
1040	1,2,429	99f25827b409ab4c1eae21545491ee8660cc12054fb22e675498135fe35a3514	PASS
1041	412	ba07c5d5c91b102f75d8647d7c8695bf2463bfd7c4cf705e4c99f8ee735c145c	PASS
1042	439	108837d956cd1309be3b9a036abd2a2b09dc3a91596d4bbae6a3d86596b24e32	PASS
1043	1,4,54	83bb24088d154ce20f14bf7727e97db9e068674023fe6edee7515d63bb0aed58	PASS
1044	41	d18befa6519a226453e8a28052c7a48c3cb1debcd82b52aefc010b74aa63ce0f	PASS
1045	1,2,378	2c929f0272cea554dc6cf10d465b901cc75556a4b977f9d19d7e1e91ce27e5e6	PASS
1046	1,2,39	bbf3eafcf19a1409e0f9a56d4689d222a98c3053b39f7d11fc4a35c739ae2f2e	PASS
1047	10	45a26e0c6fef72bacdc97737af1c5d6f7fa035af69a7ccd027bbbc2113e7d48d	PASS
1048	1,3,172	f86cc81ab71629d214a4105a10064612fe9f64171e9ea5252ada92968b9d92b3	PASS
1049	141	be5cfc13195db8a3c8e0f931e2c64f7df050aea1d8fe2157bf30a2e5d4975ca2	PASS
1050	159	e4ec6ecb8f1316c194049909f179cbb4ee6822dcc13c241fe1b209d093720cc9	PASS
1051	1,3,354	7c92e9abbcce3b2d6f79912848545481575e4b9d32c7c27b038f0aa9c846a140	PASS
1052	291	a909c54e0fcec6c7be4a6ec2e26ca17168c63db75c93e82be8b39bb490231bef	PASS
1053	1,2,290	7faff7244eac94de3427eacea055f211da5923685681f933f2f106dabe0235d2	PASS
1054	105	dd0690530e893316cbed3f263098831bece25b80c9be6e9793aa1f85114edb98	PASS
1055	24	9b1c627833cf3de5f254e8c97c72bf1dd0457ed28a0db166c68500e34a80508a	PASS
1056	1,2,11	fe11c91daa9ad7e1063865d538f487e2895dd01b46e408f368037e1d7800f677	PASS
1057	198	7d47544daca3304308292fc95324d22de617bc5ca85764a5922ceab4ed601fde	PASS
1058	27	2de3bc12b89226c97cab6c8b3a35d6996330658b36b38e5afbb1ca1fb3fea06f	PASS
1059	1,3,6	d7d13d134c3218693d9da521122a52aff1795cf859ef3b13a19c4cda7725245c	PASS
1060	439	b2106a9b58ffafc3092a228d6fd5bc4b4ece32b978c0c7ca177cb2b5b45c500e	PASS
1061	1,2,166	890384f0ce5180d6d87a37156138ad54125bfe5d203025221bbcc1fd35eb8e9e	PASS
1062	49	844449d389d99a79674fd6974da77efc63ea7689b67bc7796b94b4f93a4792e4	PASS
1063	168	33dc2d8a6cc154c713ea95fd9715ba0cbad40727706099abdb1d37d77103efcb	PASS
1064	1,3,379	cf6471544b0dfd48f155bffb390fa29fb1ad78534a5f973c4f6bf8c686e085e5	PASS
1065	463	ad62259cd56626ef8f06bad2833584569cafb7e2a81e6f6b4f120b96ca82862f	PASS
1066	1,2,258	a79988d8b62a481ba4644a32d760becf70932d6a1b4d477970d553ad73f1b9d0	PASS
1067	1,2,69	64468a753062821cd6053becbcfc5bec7641871b3d7a537bcecbb76ff2bb58f4	PASS
1068	1,2,223	e7b502f843b6698667793c35a3fd32482f4c830b8ddc2450cb167ba613484584	PASS
1069	1,2,146	a7a30f514c107af526ef9794efb2f0e8649f485e16b44810c9008dabbde993ad	PASS
1070	1,3,94	30b229500d366726892b3beb7ed9827524d2199d5044592bed848274b51e73ec	PASS
1071	7	6fd0da9e93b80a7caf4961b83d94be2301195a70a11f547287aac48b0295ddef	PASS
1072	1,2,443	4b37c5fd1f04eb0852f369b6184d543aa26530bf067f0390dbe1d8728d30f24d	PASS
1073	1,3,235	8289a74283df834476665f25d37b68e6f89e68e59b11358f25627471b3cefc04	PASS
1074	1,2,395	365706f4e96fc0bdaa59885e347612a9eaa20e7dbc7257c327191a874bcc9b9e	PASS
1075	1,2,92	be495483e5be709c7b90747d571e14e5152ded282600e5262696636194d6d530	PASS
1076	1,2,22	5608865852c90767fc6661d0f0ac654ccc7a64081e0f5448fd04f85848bcb024	PASS
1077	1,2,521	ea8ca183b9fa07b8a092ce16df63edeb3f9acd09c3e9033683cdbc86e21361b6	PASS
1078	361	298d5b97322c552e99bdd4b360566c310ac2cd2895498fe4fabdadb157f12fb6	PASS
1079	230	22fedc17d8d472e3688155af936e8157438e8c637761eb83a9f1b479043e67b9	PASS
1080	1,2,151	858ff2509f530a0d4dfbde41663c1d99628e9a105eaacb04d4c5d495e266de69	PASS
1081	24	bbc6b6c938a66744b6cd58abdb8dbfb3b4b548d4789fec1c412c457e0c352c66	PASS
1082	407	6700c3046a34e85f6299d4e5bcda305c2bb10e56b75d3d80fc7705c1bd9e6aa5	PASS
1083	1,2,538	b358a56685587b3c7940633204b4d046fc7d4f55bfc4680bc202ea536c98af01	PASS
1084	189	403e088ba8112b0b7283e32a7a1dc1657881863250c40d5bba6dda85ac676f87	PASS
1085	62	def8915f493e64f1b8c913655df0159e6f80ddf1d4173cb6ff44df6cfe49a2bd	PASS
1086	189	47a35cf64806033618b22fd1de7ee5a328e228f87fbc63030c17237408961532	PASS
1087	112	222ccfff1ec40f68a4d98b28638bc885411ef3b2f833f513d18837dbc739251f	PASS
1088	1,2,531	c6e12838cd8f16aca659d2a27e18ddc5d5398d8c94b640b9fb5464695360b345	PASS
1089	91	bf69312e2dd74c89a93ce071756ffadcc9cf3e3fd317fa5f9f460c1bcc2e9cea	PASS
1090	79	6e6ea0fe52f842902bf5893ac3676aadeb8ebf431322378479e1f10ef055c741	PASS
1091	1,2,82	63dd2881756237ece5a2236ab4fcc773a2c1071071a6f8e7cbc991d4bd19354c	PASS
1092	23	506a61b3e84bd6e439493a8e558202244aa8b58c869b795747c7f66700e8ebbd	PASS
1093	1,2,173	3103061958e8ab88365ba7a3fffd1cc5301215e08eb44a0f62c73cdc94d25286	PASS
1094	57	422207efa5881709ea9bc00580c7f374f4bcbb58bf5a78826bd772cc1cfe3d0b	PASS
1095	139	295db249eaeda0effa310fb8acec4b210d6eea39f7c4e2bd5f4176a0d6832bc1	PASS
1096	1,2,351	62a6b845aa6b0f6071be25624a8a8a032f95bfd773be9301b04d3811ea284bc0	PASS
1097	14	e8547cde15b284857c88ea8590e6850a4036d9d12cd9d0e4adb3774da7ef2089	PASS
1098	83	22da7058f084c286056fdf1df34733b773323d07bd15ba93ea756ed3856a70f1	PASS
1099	1,2,464	bde1f704afb626762e2c2cf90d23d6de5e6a99c19e7fde1e842f7b2dab969c53	PASS
1100	35	609c6a7574b0ae5277a7d399dd643ad01168e21331137b7debe19bd9a537fe8f	PASS
1101	1,2,14	3fcf7154bef7d56f9f9adf0cebeeda0db866fe077e601a3f19cd403a1ce248a9	PASS
1102	117	004b4a1cdf82872134a8e7e50f51bdebb6554f9121f8b9137cf8962a5bf3c09e	PASS
1103	65	19c76ad997e778d2b76c87c4d438836bc4102b5a504d0b2d8442bddbdc44c125	PASS
1104	1,2,259	8a8c86683b2fff66c1b6c804c27ae5b1ead7f5337e60e97318aefbd15efa1e7a	PASS
1105	21	bae7068f117faa04cd2e61845ed1b89722a357bec3e6e554d4d759ad2b91431b	PASS
1106	195	55b026f25220f8b79f61b5dc1bd88f04c3d32c6348b6a435b165ed910f16a578	PASS
1107	1,2,176	645b6ca10593af7674c9ebc1364ebabb78ec0f2c4e7c01db7f39b0ec10904bc1	PASS
1108	327	4eabd07499ad723aaa62b50696a4a28e11df5a757008e6f465dd2c40a71c47e2	PASS
1109	1,2,501	b5157e1bfde25fb4deed009862937778a9857131a1772862eb5e542606973478	PASS
1110	417	4784b0fb07c6f170a03a93fc89d6243ad69883561a3cf2ee4098a0ed2db4c0e8	PASS
1111	13	e6f2824a472c27d49c2c2319b690a4927d5a5d59ea549f9614d01cdb75c4245b	PASS
1112	1,3,80	207526c15e0385b5c5123d33222bd0ae0a6866b9fa4d905fddad897c2b514990	PASS
1113	107	4a062433b97b5d270a8becb725a61c3a35a096e65a1a3f753d480f535d1f3c4e	PASS
1114	1,2,345	435a77ec664fbbc05f97bcd6dfad58dbe42a42722e26ab52fe2e0603394385f0	PASS
1115	1,2,268	1f30244413b6739a33fec6085b2957022acb7a098f11f09f95a8cb89fc60c3ec	PASS
1116	59	6b2b6106cdf72120e837e4c2292b41ff359de083decd6fb6c1abbaeb9660e4a1	PASS
1117	1,2,149	cc6fc135be1937e18a41ee11a03e1fc97ac1dbbb97b97f54573013f97fc9fcca	PASS
1118	1,2,475	5dcab62314cf83b433a00ea11a996dffc889f17a6510c8beb29c0c9558e41398	PASS
1119	283	fb072d47a05569efefc321a2e909613c720a48a7aae40ecf4dc6b5d1e5e5f66e	PASS
1120	1,3,386	61df751885e3248dc65c713243a229c248ecf5a029e6837d873c2fbf5c3582b7	PASS
1121	62	405a98af4f250ecc5a4f35c2a98cf3feda11b257292f88e0371a11d8f43afec6	PASS
1122	427	a9401e3177cb176b8df4b6b64a1122f75e4672df94c8a18993cdc18d853403f7	PASS
1123	1,3,392	0f3bab6f4f1a1dac36fd5f58db6212166cfee5aa6517b894af153699dbe56ced	PASS
1124	1,2,156	2c44ba512c786894ef952205e4e4ff230029d6d0a9fad67b46374b230b7d7183	PASS
1125	1,2,206	85a35e2ee79d9d4b8dd7de45dcff65581b958166aedea5b7048ee00abd8e8ae1	PASS
1126	105	e8c5182b205f269eb885860d259f80ad6d21459b1891a49a1a04b2ba5af55cbd	PASS
1127	27	ccc43b95f65c8e026d84b81a7abfa215d60cc263be50cc3847766cfb4c2acefc	PASS
1128	1,3,7	10f7740b1bc1166cbfcbf367d2d1ddda144b849f40311375fda8353d57403d6b	PASS
1129	103	b823572d50827b7a71457ed5101a64ad55dc197c016daa1ff85923bf4f72b19d	PASS
1130	551	0b4d4cdbd1f653bd866678f4df78691517dbbe0aa442fd3b67b6faac0d3094f4	PASS
1131	1,2,188	a2033c249e0604ea416428eb58f6c38298433a71f4e556812b3af32120510b26	PASS
1132	1,2,20	b832966177d582deb898357ab09d78be2411eec03d56c04b86e0acf63e22a7e4	PASS
1133	1,11,412	d40d321ac34c277ab7f9ad7dd091d9dd54f29915b0c13e92170f198c65302ed6	PASS
1134	129	8e076f9030cff984af930fef773fb39da76524752299311e04f5ef3c11f3d683	PASS
1135	9	ef11f036bcfa3cba7c7a13dc9c10187c3ad2a99b0f2b56023fb13facc9953805	PASS
1136	1,2,177	7d39484ff73f427d3509c57c058f99d8c8168b4a84bbdfc5d44b4950891ab7f4	PASS
1137	277	180bf62d3e8c58d8d607cc51572d8202ba4c08d61c6696120d7b8b7895e2d71d	PASS
1138	31	dff73c5e2099c5c34e8523fd863a7a461246a6a226c9e97269d0a11355bdcd07	PASS
1139	1,2,45	da7b45e06b8463580e976caa18c3127db57fad55830c3f093161e777d941812c	PASS
1140	141	8ec0c651b6d958e4b5983e83166114a3b4fe1d91180538dc725935e70585c47b	PASS
1141	1,2,134	2f1a34ca245b59ce8177972a023e8a718e543b2aabc7e60749df015344addf86	PASS
1142	357	c54a34e75cb99f2d93d757fbc935e0e9e562abb0152be317934459f8683147ad	PASS
1143	1,2,7	760f890cd5fafb17515bf4cb77e9c07ae0b215723d354accdcc8a8edec8d7db1	PASS
1144	1,2,431	6ae6d060d66cfcbdd2e91a3a47a6f4308be919888d0bfe857f3697bf8967216a	PASS
1145	227	321de984a36ff27b98238595cf091b7c630becc95264fbc25c9aaa013f610e4c	PASS
1146	131	d8393339cdfdc940ce41e54e77b5871e567e8e5570c85df8502f0ad73e14636a	PASS
1147	1,2,390	068f34aed09bba18f9f569f17f279871a26ab82348ad67d3335386756cb04afd	PASS
1148	23	64d568e16297ca89df192a56c9fa4ed877d91c4387fecc48d98ca64fa118d85a	PASS
1149	1,2,221	f00aeca16536b522182f512b9fc74e9fe382becf4de9ce5a94b2c2eea4ca75bb	PASS
1150	1,2,63	e112bd183530dbb297dd99ce5832a3eefc82aacf273ebbf6bb1ab3de070e0b3f	PASS
1151	90	db1ceb7648a157ee4492a6860ea91c8e4343c612ea1fc9ffdfc7ac58f5857ac1	PASS
1152	1,3,216	1e770a70a9ab6e368fb60a064fde2272220a9780e300eda17c009a749e6bdc92	PASS
1153	241	9f984a951a6f02c7024362059a65facdefcd405efa451e833e3e18d70d2c1256	PASS
1154	75	0a485bc609dc025954a519e03ef77e38adb9a55dbbd5ccb70b6dfdd3bcd60712	PASS
1155	1,2,94	3f0f6a002bb4947a25bf8e9d86e472595b9f8db956cbd28c73588aa60cbb2256	PASS
1156	307	225f7798ab136f62b514fe08d7de51ba58972a63b253047fa58d5c7052b85f78	PASS
1157	1,2,105	6b9fbf61aec4ab6831d9a4f91897c446e859c9ba7c9c9027271d58c3ad63354e	PASS
1158	245	7590769b49d668cf1cc02497a4af2394f5abb6ebe4d981e752cb857c8452a4e9	PASS
1159	66	85d4a1fb0964783ec3b352926d59f619dd71c281befdcb6ec440c30a936132e6	PASS
1160	1,3,434	d1ab99a5f5700942ed925baa396e097414a500542854908f0ac717dbb888eb1f	PASS
1161	365	355c48a6b9706d22fb3d47fabd22088bcbf097094c4426bc6e103cce61eda95b	PASS
1162	1,2,288	ad4d1a56da8b7c44cde32911f8d804fe249c5ed1408648ec313f92ffe721e00b	PASS
1163	1,2,33	2b6a1f06f5a61bbe9ed1b9991ad57e0cb2a7dbdf00dd3996abc84c16990f2819	PASS
1164	19	cae238c65c6c4708f12780b1f5425a1fba797bea8008a620a6d3475b3d2e089a	PASS
1165	1,2,494	4c9bec37fe5cbbfc971b5e487a2566fcd539e3f31fa683ead997bf3ef0c435da	PASS
1166	189	0cf3253feef284371e2c4e747c189d5d8e2011bca9d23faaea51dbea014e1706	PASS
1167	133	bfbbfde1b1be215c2231e4e8e65b1fdd32f79bece1553bc2f8b68464b73afc7d	PASS
1168	1,2,473	e207ec096515e53090dc7896e1597bc5efa5a40cdb50ac520967eac5e0f7e67f	PASS
1169	114	3a18581f2aa14566e29e5b1af5a9e5de563f0419d505f3298e88e8473c25e834	PASS
1170	27	5115325da8f8db106b05a47b3d88a9071989a30128c8b530614c8d80507031a1	PASS
1171	1,2,396	f5ecca49354372c6aa2eb25ab3e5dfa538ed560f62e59e56afd4acfdec9451a8	PASS
1172	1,2,426	158ee11c0d774aaa3f2c0950bfe475bf0578790edca1ef15aaf10d04e2682f75	PASS
1173	1,3,262	f1451f003ac17e4029e125135f3eaa7ca024987c34306107772bbd6166e5c306	PASS
1174	133	a59b07f845d8d7a46271ce917085fd9e47fdabfdc819ccb91218cb641d347dc2	PASS
1175	476	148e43b4bb2abb9c41642ff3aa07c7b4b2deb7a8afca4ab401a8f474025a4e3a	PASS
1176	1,2,19	1e70a2112365a87011044cfcf2754a0dab4dcf395b264bf9d03cb1ed6273c3f6	PASS
1177	16	796ab26c033a1e2a40356c6073d3495f80b0da0c388304f8ec5fc115a0abbae7	PASS
1178	375	dd94c3db040a7314dbbe05b2209073787354356ff6b2eca7be14035a9848f436	PASS
1179	1,3,58	64fb12ac220e2e08f64099457d3b3da92cd2384d51a6cbfc942978ad0ca926ca	PASS
1180	25	5b4a07ab95075879661a83d584b2576fab20ccc1f8497df3c22cf942f92c998d	PASS
1181	1,2,82	fb30e365b7e6ff10d29ebf1026ff0175252c9ee7dd96ea4939b011fa09ef0a4b	PASS
1182	77	4cb8a3ab364d85cf49f331ab2cec8d86df3eaecdc3e82d0dc6be8d580c23c40f	PASS
1183	87	743c7146663453161867c8aa8c485df9fcb3fc83c5af9d564a336f6252985fd4	PASS
1184	1,4,563	be3afd07a21d38a0d157dca4c1f0057a153b0b907a2ade9b2ae6813d6f364198	PASS
1185	134	b219dc8909c7aceda8f04d584d19f435eb90f9c949f0ebdf510aea41d978f30e	PASS
1186	171	034a36d5f6821759d13bfe3c53017e53818a61bcf5a33907dfd581a0e8839cd7	PASS
1187	1,2,438	e903750ccbc3ab0cdccd8794a885477bd745770dafb96b9aad48efd78bfe5ced	PASS
1188	75	daaedd84d424b07b89a831bafc395bf346567d2aa210250682607e72ebecb2d4	PASS
1189	1,2,102	658fee70bdaec2d69733eeb0c67407106300749b40828e8ff987cbab063a2364	PASS
1190	233	a44fc4e6527092dfa10ccf46a277a507eae1815c4c50034f526f5e30b838bbd3	PASS
1191	196	09ff4fc1051f40dc84b5dd926483c5cf83e77364c0ff65b012a6146858faf7a8	PASS
1192	1,6,453	8932277edab7dc647bd6d90ec76e82014444e22be58046d55b516b6129c38c4e	PASS
1193	173	bd102dd6d2d1d5099c1f69a6899aa923ab59d9656033deec8da92548d3486f0f	PASS
1194	1,2,317	2e50b7aba2aee316e696e5acf50f78cc4cde83e6078fb097496b5083a44bbcee	PASS
1195	1,2,293	5242d7d796aaf78c29fc8e0377133cdeff6b8885908150f2a33c2dd749ad6627	PASS
1196	281	66e28ce1dff86530d89a8a9046d14c32a7a84522a970eb95017216da60dd2e50	PASS
1197	1,2,269	4c0effa65930357f80fd2f7590891dee74938cfd512874368981e2d3d216058f	PASS
1198	405	a80786c9073ff310d67981f02daabe0d1f73a38dcd407f3c6178b61b5fd07f8d	PASS
1199	114	8795e6403b94c26a5b0d63c9f3e6617706c003623fdf6e9fe6e95e22efe4dd74	PASS
1200	1,4,55	e4dc9a8bc1590af5ec9180a6177c87435291beed1cc5d594bb174c33b0b7b801	PASS
1201	171	4949f568caab750c9a9d65cd4b8aff60754e018aaea4adebf9c48bc621c61603	PASS
1202	287	64ec0949d2a2a515457ae7952b6de8676238636b401d563a1cefba9de18289b1	PASS
1203	1,2,226	a479514d4acdc76ecf8d9f1f521b92babbfcb6184569687410056fbfc1d434b0	PASS
1204	43	71f15b5935c9362a599b1badf36d26e9334b665f0253d2ec87d3ba296e4a9a51	PASS
1205	1,2,4	34fa9a2484c0aded4e1aa7ba6fd3b2e8962780783d259d823d05c04b8f884e72	PASS
1206	513	1133e441fcc17b99fe84baa1002d1f8c726642f948113e84356faae64b3f6d6a	PASS
1207	273	df110940c907c835837b1f2e8b57a3b969b5ba0e480ed67ee5e9db268963ce28	PASS
1208	1,3,458	e4d50f8463a0affcfbd657c1c1eccf44610750fde6f5d9e91649296e9855cf84	PASS
1209	118	7fd427454012765eaf3a4cd01e6715f0f6424de56fe8cfdf69628c39688541bd	PASS
1210	243	059e6f6969d1aae9ad590224d637d6b915e9417d0b210c23e1babe6e4e3dce26	PASS
1211	1,2,373	26681c5f47eef8384b578e5251643bf548948e438c1e93856c25c050fc28dc66	PASS
1212	203	e9b1292e99d4293964a9932e18f8612e4b49c353c4e159aeffb51ac58c293f04	PASS
1213	1,2,245	dbbfe87a231b0f38466ec92be317b0a96151b1870fa6e7691f7b90ac30324e60	PASS
1214	257	af4fe300de944a987854b06b5e95d0b1a45fff6f43b598345eff243b757102d8	PASS
1215	302	cf0a809d56345a86ff6d136fa15ae046a50fbb2c59774f447c2f6e4a6b70dae1	PASS
1216	1,2,155	d35b0d92af586e0592b9b316a8de4276cc06cc9e3cf7d9031fb329018a98ef6c	PASS
1217	393	c7240b927b66fe02abb2a50e5c2d014c8f1bd9b27af30a5bfa65190840087c26	PASS
1218	91	025c3d446cca812f4190f8a9fcae59884e992f8d23b1c6575e02aa2983c80a71	PASS
1219	1,2,225	5e2e57bcbdb94c69f6bc06db9070123197354685fa8fcc45090caef825afb65b	PASS
1220	413	00c40e8be6bc45ce7a8aa6e488c844fa3888594857ddb9cea2419bc6fd90c304	PASS
1221	1,2,101	73672aafcbafeadd0b0505278ac30ae0fd3c8614809500d9c9553588985445fd	PASS
1222	1,2,215	741b5563e5b62034ebd95cc7f6df125a28646b65bfab3c0a57b4eafb7e8a6737	PASS
1223	255	95a87420e1451b23af6204e95180116963576e9d36dc3750c591eea34d93a94d	PASS
1224	1,2,157	5fab393026a312302fdb6ae77c3142d3d48daa90278911cd5da2c6845ecfdb96	PASS
1225	234	f19f2c4857f6325a155ff15fecadb7b0a33637c21ba69de606a5e53636c6af64	PASS
1226	167	1ccb294af9cc4f2f93675621a69bcfdf225ba64c7b5f14274f4f11431a18afbe	PASS
1227	1,2,361	4066437d504a1f4c54b5947505044df452ba2a3a1c37b5cf5f4dcd4b27939efc	PASS
1228	27	9b635a3685205fd142ea93bbcaf5957edcc8515263ed9c721b0499f003d226ad	PASS
1229	1,5,510	067d9119ed1e291804016dc227e67877c6bb120545996a00728a18ab900df320	PASS
1230	433	ba256c2c5f99f008fe503c4949647ab0da7e2f8b1beb48ac22498f3d4f759770	PASS
1231	105	0159750f63dea152a4cdbc75685426ac2431ec8afabb3b89a1fa0cd7993330c3	PASS
1232	1,2,225	2d8eef2bfd1dd8dbc15ce79e406b6f9de7e531dd31229d00e516ef73650d639c	PASS
1233	151	5361558c2a8ee0432234a758f88dcf220462c6d10384cefb14fb6cd7fc7f1627	PASS
1234	427	a774d313e43a0869425548b8f34116559f6bdc3e522743ed7ea1ffb789e0fe58	PASS
1235	1,4,24	60ab4eb4a1375f5a823cec15d89860005f05b4dc8024cfc0cd328923152f3d7f	PASS
1236	49	6657c5d9aebcce01b02b5025cef79593ce1f1015cc5c8ebeb6304e3ad029abfc	PASS
1237	1,2,150	10cc2ee857ff8f7197f929473105cd90b8c8b1b0e24cd0163ea02d0130406b7c	PASS
1238	153	424b44a4c413d01ba733350e68da76794f05abd7729fef4db2acb50ceddfa7c2	PASS
1239	4	75c57a727f032d6229424cb0d4fc222633118fbf2c7d063ef2f3aa0f12509a95	PASS
1240	1,2,567	816b03003bf6d676945523235deba9851ce353f122c7b209ebe6353f50099137	PASS
1241	54	4389c60c99bf1d259015ffa7bfccf3f095158349ab1b96f0bf5fa43a16ea949e	PASS
1242	203	574c6f4a260f326465b6ecc63a421aea3e3ca8f9c8376ea403ba5ba1d718cceb	PASS
1243	1,3,48	8fe81611ed4faed7542832645a5fa290db5dd1fd173b87aebd5c103d6781d21f	PASS
1244	1,2,126	9443f4fd1219cf43db14785aaed7e84dcd99f42bd7e6b8068a36de3a5f04df8a	PASS
1245	1,2,212	855d72135ace73b86f1da8b8eca6ff58975c8b73da58961637f6b7bcc585dd86	PASS
1246	25	5e6d64840715c8411be0a6a5a2a18f8dc566893bfa3d7989986ea96a3084d29b	PASS
1247	14	43e96b8f1d6508d1aa1937075ebdb7422779f1d07ac2a3fc62d3d5ea3c7a3e43	PASS
1248	1,3,256	cd510cf78554d35d6dc30b35ab59a3e43568bbaa78cf6cb20939ca34ef84f826	PASS
1249	187	c9f4fc47ed679f08d7f44c782f43e959437ebc1f45a0d9c708cdcf7eecb2b27d	PASS
1250	1,2,37	2f6da7532c58c1a208d838557e245450cb68cd45ae6f3abb447a0b8438789734	PASS
1251	1,4,48	6fa43c276c1b7b41a61c4399562e060badff833a62475f55466216586b4cee17	PASS
1252	97	ddca779d4d2d34616cd5906a651380aa3faf5c3f915746de7d6d081dd21d1ad0	PASS
1253	1,2,141	cad81cec99ea0b18c2f6ad5b6618a4d20f512681313a0b11efedac907f7a2485	PASS
1254	1,3,103	cbb6ef8a67d0524ce447bd2423e4d3c786438e52a48293d47597b36918920c90	PASS
1255	589	df4a2336a309caa814b7dd2d530070de70ddf6ff3a0954851f796784c48c1a92	PASS
1256	1,2,171	0ca65d4a43eb296b8b8e0921513dd631362023033356d8217b901901a819dc48	PASS
1257	289	ab1cb247699318573c269dcf78a39b2e63bba8a0dec9ba77c9bea020e88a8234	PASS
1258	1,2,503	a9a2f717d68c868883186f634ca51a5f9a26139e10cd3b0b97fc137e87714ed2	PASS
1259	1,2,192	28ab0527cf9856dd13d9dae2fb724f45ee592789d27ffbbb435769a685fb8574	PASS
1260	21	93d6babeccae6369c006dadda0c73a50ce637a787fb010c68c2c6533a2c15e01	PASS
1261	1,2,14	054bfc6a7a630bb7478e85deae0e07f4014d7f73a7bf117c9d32124daa320d5f	PASS
1262	1,3,35	91c35499f65aeb03554aa65c5d304263937507facf40c270de0bf3aa922369f2	PASS
1263	77	bca6f230fb9f8c3b1f15d04143646a8453102985ea44177c3e84f368d828def2	PASS
1264	1,2,285	f1217bc830dec04d7b3225999c43ffe00ab3f73053e7a29b38859f4d0635f8d6	PASS
1265	119	4078be16609a7002aa42a808b6297e1ce1b39f9fae2431a754b24668879952c2	PASS
1266	7	e104e6c2c3256d00b45dfd85f03773a3a427b9ab91fab5156c09df8e9af1e33b	PASS
1267	1,2,197	35878c0be9bb1a0686eae090d2bbddefd2835661e5604a1ef69de8831f3415bb	PASS
1268	345	5112dbfd0b287306fcb450f5814a4c7e7c627e98e3b2247c4cbdfcb3069f7a1d	PASS
1269	1,2,484	d0d0b7773358a39179a5623b2436edc2e64a2436707911411113d21102a0e8fa	PASS
1270	333	5869c705ba64d9e867ff837df29b85da876807ac85e0aac238d08c95f83bef28	PASS
1271	17	862da4d48daa912300eebe159e2a150f8b86fafdb62a0f676f2a04718edf7260	PASS
1272	1,2,223	28e302d7d8d85dc6411829080c79aaf033c601bd36b5d1de263443f8945b75e2	PASS
1273	168	e0fbcb14ba772d88898c78bc14b0f915a9738ed0ba4a226993413c9cafdd3003	PASS
1274	1,2,486	563b8513881ba1d8f1a57e25645288333092292f44946eda2feecfa4d5b3bfa6	PASS
1275	1,2,25	c1b2e62637e02f77d971c5944ab755f4c8b1f38a3f3e8b56f22ffa02e3957083	PASS
1276	217	0f32e8f85c9755e1a48c72959abe4d971495a672d9bf9801eda959ce6ab4d35c	PASS
1277	1,2,451	7bfd9f199abc8b434f1c4f78e7f208c788f32431e93cf080dff43001e95c4e28	PASS
1278	189	bc251d00a7126199774744e3687e7abf936d87eb57915f943467d55b45e0a69d	PASS
1279	216	1875ff2a642025c6c3281d9254a212c6cf8eb9df0fb1754efbf8f6ae34937bff	PASS
1280	1,6,319	c8559a78960925225feac30c8e567f30f30d740b2c2f6f68e7bbb20e8f9a8a2a	PASS
1281	229	e7755ade70b48486d0de1f5e6d986c77f74b781898e7dbcfd4589498010709ec	PASS
1282	231	7770adcab233112e99a69d18279d0c299d8d763c2630027849f35c82237fd027	PASS
1283	1,2,70	08628c058a0b967e87e93d78af4d5240d05420fe2d88a3c55b15b1f5ec9c85b4	PASS
1284	223	16be3093cd58ff0eb0f943a0418409ff387c9d62ece0c13259c5ca3a55b14ce4	PASS
1285	1,2,564	760e4519e1b69f2f6fb6b4b15b87c215da48726d87d0f5688c727aee5d8bb90e	PASS
1286	153	1384b088cc661a47997857dffeaaee05feb0089e0458047472305a7a7dd506e4	PASS
1287	470	9ca27fe65ef682d0fd7a8d93e3bf2da0deea4670a04f92578bf687aca539b5b2	PASS
1288	1,2,215	295feeae781dedf9912fe8346d56c1743d3a48b6c4f638915c93236b51932be3	PASS
1289	99	685c287fe0d936c952ef933c51e711b88d1f4d1dd48401a21406c61093e5dc8a	PASS
1290	1,2,422	365cf0880fea09c9cea8664d1f2c7bec4d4fc7b4c224b090cefd9a5cef50df15	PASS
1291	1,2,245	6866db80144296d7e4f2ea4b3dffc229082d7f1472272b16550d585316b54357	PASS
1292	1,2,78	c4aba6e892a9e4cad527fd0b513bdf9df86c59a541de272d42baee2a54464951	PASS
1293	1,2,26	00fd4632f624d8c88099a6f9aef96c7d950e19b0a06d483e9960ec765292c5ba	PASS
1294	201	74a20d69192b39ba389734b3ea29bcc35bb52a61e594955ef02fa51ec789aec5	PASS
1295	38	5590be1e54cddf28ba5e7cd5e74e053775c6b9b48993f66d54cc571ac994b260	PASS
1296	1,2,379	71f23d00697fbac9276ca1ed7fe47a77549ad3cf6e4e83a22b8a26ab06d484d6	PASS
1297	198	0e58c1f1e48e8da5e19acd6e16d769868999fe0acddd121a5a4d5940ae5366a8	PASS
1298	399	8cdb011f1f963f1c6aa808988d1a596dcf042a9911c493ecc6b19a5c54e22229	PASS
1299	1,2,172	cb724e276ccd23ba4d8a1ad5e391428babdb4dd86d52a0410a9e67e9f97001dd	PASS
1300	75	2b7e625d3b54a9a70b08285f6d6738dddd0b82658220b7713a896f427310f911	PASS
1301	1,2,297	bd38ae101b2ba51f8d4f78ecbbe75a5c79b3a6895460241e609860769479dadf	PASS
1302	77	dd2e4e2505122bc05533990df31ca4b3c0b931b31200cd2775e771c67aeb1d22	PASS
1303	1,2,306	28ae921b3c75911e8da7e88b65cf7fbbbd445c511acd735b016ea22bb17bc1b8	PASS
1304	1,3,574	143d6e78e6c5945881b1d3a8ed9257b859766b80d47d736174dc66ca8ec7a0a1	PASS
1305	326	d46ee2d986c7af3690a668d30eb3e577edbcf98a13a7fec30614347d97657283	PASS
1306	39	1196aeb3587930fa5090e9c608e7e63469d4ba8be16bd37b0213d4c5d9b052b4	PASS
1307	1,2,157	8de5a17251c813b3f3a317a521e0c000e32b611d7aae078fa8ca441e7d0a2623	PASS
1308	495	8b703b3943c79ae6c56a66028d2f4c92339188abd20cd0e4348767f371fe5ad9	PASS
1309	1,3,380	34416a19536c6568a492f82d6dbe5210d4e3bb5a978a46c040ccae34b972b57c	PASS
1310	333	7687c0f6162b142189a2f5e7be8d5613fd8b422ac260abb8caf57fc1f36f1e55	PASS
1311	476	8f2d6ea7e9bf0e396e179029680e838c462dd4bf9555e2a7f786f90c6714cfea	PASS
1312	1,3,56	c9bc8bfd62b4e417e5284834614fcd3a41426d56a8f7651602e7df2aee9bbec1	PASS
1313	164	534e506119bcef8330d2c40692db7f1dcb5bcd9520dbeb9fef5d452a883da5e0	PASS
1314	19	32958fd3111f24b296806d3139e53e83a1a61a2c22d97407136360d48f02c8d5	PASS
1315	1,2,270	f1eccd21c3f3b5b136c60c76500a53343a4eeb8929b50ce1e9f6ba1c0205dad0	PASS
1316	1,2,12	9166bb7eca649be03abae47937e6b68de55347a51b5e1bb5fa8347eb064aac5f	PASS
1317	1,2,254	1aebf4e383bb282a69b433c9dfca04b0811998356329058a392b0871f408cae6	PASS
1318	1,3,94	895846b446e661276b1b24cea6a7ca7c62a15ce2c17ffdf2f7589639f1aa4556	PASS
1319	129	f6601a4629be8e1a2beaf6c24552f996cdf97881ffed2f74335ef2fa10b6bf84	PASS
1320	1,4,247	47052c21fec85c5f127064f09bdfe10ddea48146d98cfd83fe003cd72f2bdfd4	PASS
1321	52	ee43f80b9115699a57ba8b757bf9f7ebf098ea854899874894ebd5582a7e9047	PASS
1322	1,2,538	180e5be7dc402f0a6a592d5136b3f2f8ae72f219cc6aaa74864cd56567b51c5e	PASS
1323	1,3,204	477206f5aa13d96beda12b6490fedab024ed7bbe2bcc08a54beae76f466fe36f	PASS
1324	337	9b7934bda248607a749a0c948231ce1419966dfff868cddb0dc2a2ec2ada8c84	PASS
1325	1,2,526	eec660014f1badbfadc3283362312cbdcc61dc06991be1834c52bb8962a4df35	PASS
1326	397	effd6af0f8b1b2358e04c14a2b9e32296594cf7395a533d7b1e9015c2b7c2b85	PASS
1327	277	7307ee78421c492668d079cfb97b91996d34534356bfdeced1b22e83af49148a	PASS
1328	1,2,507	b0ce7dd48dd3ef262766f0245e8fa1e8fc1f97d937a0492bae479451e643f764	PASS
1329	73	c563443f6017615adc403e17ba57db7494ca7393d1a2528a0b33bbb9d7ac813c	PASS
1330	1,2,609	48ae99b802bd79d2463ccd6e11bceb14d6b26ed8daa00e8d7ec068dc064c2efb	PASS
1331	1,2,289	e4076d927796f3850bf32c70569d48151d8e664e07b91b8c7f6a2a5186f25c90	PASS
1332	95	8886dd5ab22ae8d4be2c300afd77459ac4681b8d91472fbc66acca8b6a3b0e7b	PASS
1333	1,2,276	9027f0b686a9ee1a0e4fa5e1ac2fab77af0f9333fc85fe65d64b6ccae86d2517	PASS
1334	617	9285692302fe494cb2c5fd021c062f1f29f5eb74ace9ab37b969fa5de076770c	PASS
1335	392	7bb415934940a794f7a1f3cdf7a78f83c900bb6843acd853b4b01d48bd7a06e5	PASS
1336	1,4,199	216d757817769e75783799a61e3c101ae63c890396989c181657b22a28a438cb	PASS
1337	75	b0f6fc09bd695eb80239c579b12a37bae1e1c953dcf5d0a6d006d165a1cb8817	PASS
1338	315	be730aeb71ecaece82d5215feeaafc283327acc7b90f489c7d80134700c13551	PASS
1339	1,2,284	4cc1731a04723ce0b29dce6b05ad266b7f7660a07bdc8826997ebcde6ae9110b	PASS
1340	125	0ae77b6d3c43920e4a84e48d4eb0103f949a79262acdf72604f78ff7b9879b2d	PASS
1341	1,2,53	d114be14b6885ae94cacee09592565b2f6e6fec13b2d7135534262684deb8013	PASS
1342	1,2,477	0dc007f5b5ca79d3e381ac22d3f9ac4a46f2ffe22ae22deeddec9c71e6a113ec	PASS
1343	348	d1ac49a1e78b4e40b23ce87639b7c44d14e88b9a887dfee1bf7c6ca9f4883b7d	PASS
1344	1,2,469	e287f6bc2e90ab4e44e696c59602b662b75857d35270cb60bc2addeb7efa2a82	PASS
1345	553	fcdfdc89a582c7cd5e007c3e54e964f279293377f5376974de5ccad90bc67e52	PASS
1346	1,2,57	5efde142c884eba7bf48ce1f0aa8b96298d6912769d92d07451346a2893f8b86	PASS
1347	1,2,61	f0a73d60c68173e26a01c936fe3f072e4433b89f71ed704a22996784dc96ec23	PASS
1348	553	1ec4719911569a5163e1e5a1523c03bdde4cb9b935e3ec7b20c5cecddf6235be	PASS
1349	1,2,40	9aff5c1bdd9881fc8cf13fd0dd8585aa7dd3dd361f5ec47ff3bda761c1ab4a65	PASS
1350	237	7ee65c1cc8319c29c66105953484671f669bf31a40c815252b9599035f1be2b9	PASS
1351	39	764712aa7e406fef8731470fb42fbe77512aa7073e9fab0afb8fc4a5f3fa428d	PASS
1352	1,2,583	8c5b95fa347f3d37b2e2619c8b63364e1dc02d52928fc5511fe489f53fe4abb8	PASS
1353	371	29920cc73db2d4aa431a95c7db1b620caf074aa93eef36df35e504e3ca1e8948	PASS
1354	255	210f197f8e65d2eb20cb820cdb3d16dc9b3a1786686288e7e27c4e0712027875	PASS
1355	1,2,117	781ba5749cfe94ee0d833ada07d31f5648c51639119795bbe90f1bde876a0acc	PASS
1356	131	463c4138e711801b488e4c3659c05e53b5656f4da8b28be00ac0704d5d933066	PASS
1357	1,2,495	53836bdcf42cf86e2d04c2e2288ecc73e1a9884bf64e32094ba3a29b4eae14e4	PASS
1358	117	ebe1046ed7a2585cb95df51e38ce2d251078501be08f8d1274f6776f9337b77e	PASS
1359	98	42adcebdedd849992fe5edfdc3c476437445619ff993d6d18ccb1c48eab464e3	PASS
1360	1,2,393	3b6c17d590227172136dd961b5dcbf3ada4c046f8fea25bee52ac819c131be6b	PASS
1361	56	86a37ee1c04d2b2c828da4f17a7958683e9b2f2e5d9d687ef195250081145960	PASS
1362	655	c7cc34eaa2698f99ffa27612810f5f3cf170ec663a8a6399f48f21c484dd1878	PASS
1363	1,6,117	20d9eacbba0c0453bb71ebba243897d035820cff77bd1d5464303e1fb53709e4	PASS
1364	239	0f29dbb6d9c5605e4270dcb7c22f0d7c753fb90af56d7867d4482911dddc7ed1	PASS
1365	1,2,329	6f18affffc7cba3d63d9e41d962250890e7b3dae897921885b785b4cef8c3a61	PASS
1366	1	081f4a65e8b9fe0d4551375263b4fd7fbd96350acb39d2d1faf5f47a11e62925	PASS
1367	134	e85ce3b8dd11ebc6a02433c0a68cf2876f0f26635f1bfd9d1618dc90f8ef1d8c	PASS
1368	1,2,41	29fdbcc72a65dc2f6c2af6568e8af512e153baac5c722fa16742bff3f62895b5	PASS
1369	88	63f07aa8cf63c47ada43d6241934e5cbdf7fb7a0ba7501e6598820eee39e25fd	PASS
1370	1,2,108	7f45eedc0dc0c43a7244f750359b3f6fc100c7c9e72a1c83cd128013ca6b3581	PASS
1371	1,2,145	6b5ff6b99f02cb016319fe0ddacc207b42f37a94ac0e6c8e8bd2f8ced9aab102	PASS
1372	181	fcf9677de1c090613dbb24f02b7c2b1617e98258f99238b3ea9c13a6dfdb5425	PASS
1373	1,2,613	318b0a8639ea7759cef03cdfa7a26ee2c22bbaacf7530088a1c0888b60e07d26	PASS
1374	609	105d4d44b3bec0439418ed5e114134b3306a029d18cb22e154438b9145d6d0f4	PASS
1375	52	dca3d9799fb0672f2a9de6b45885239a7dbc945b9e37dac37baab020a524176c	PASS
1376	1,3,167	27ee2eb0d265b2eb78a2eec0754eb9a075cbf95ee9ef056388c305f5c0a0e2c2	PASS
1377	100	2520105b83fe5fb702a6eae38d1e8ef80c220b3b2227396001ade797202f588e	PASS
1378	1,2,362	7357804372a37e4dfdfdeddc617b40e0e73dec977322d52fbf7d93fc042f0524	PASS
1379	1,2,400	0054dfbe05fe324376107cc4cf8459c9656ea0a87c88a417e4ae10b0b645ebe5	PASS
1380	183	4a2b689e1bdb7c91ddeb4699268058ad47b6ab5f5e3f305e85f8de328877bb61	PASS
1381	1,2,56	e7f58c2e00bdcd863e401a26fe182b973840fcd5f58fbff2c5661b299613deb2	PASS
1382	1,3,58	e62c85d4c52bd718344efd7c4e5651fff8fd952ccae5b9c7144880bfa9379374	PASS
1383	130	0b2cf16cef17d16c4239a398d147d1814447e4c9fefddcf975510d2c24ead7d7	PASS
1384	1,3,88	7fd301cec5243c39bd8c6bcced0a35ee95241be8136bb2c4c1f4aa6dfcda5dcb	PASS
1385	12	f8dde888918b8b740b892b55fc2eab85f401111e3e6627c5cdc952574ca51453	PASS
1386	219	cb55c16fc218436a5f35c58bd31e253be810fb3c238689a029630b85c2f063ee	PASS
1387	1,2,33	2786922b7c71bd547162da005bbed99525580e583f482837dc28d52796f50032	PASS
1388	11	97976c2899f78a8ef4cd8f1d0b4e932a1af826c84040005bc7134959370342c7	PASS
1389	1,2,41	3a1f5b018e3517f335ea2f64e5bd0cf22a3d3fb85869e72f763bf4e5efff9937	PASS
1390	129	113a598354dc8185481f4d7dfb90c82a74b2448c08dac64e843a659dee8ed621	PASS
1391	3	51d1df9d5b93c02ed0b1eecf6cd0f61d86ad8eac06f71ea4ded4b79399c4db5a	PASS
1392	1,2,485	b60053de36cb65bceb9f429b5ed386d94ee0390721293d11713a58a7d2cdb8f4	PASS
1393	300	50cb5c749bbfba2ee325ccf688c2d098c87b3cf0bf420d86f4bb54d82a267403	PASS
1394	1,2,30	6a204f0d6107bb1cb5cd82cf3ce7bc689b22fdd96fe7e107ec094282795fe555	PASS
1395	1,2,233	839935cb5d8ffc7676eb70b2aef9379921b66d1286acd041ebb9ad177b2942a7	PASS
1396	97	cc1283184ab7868bd4996d652eb7063f36a48aa61db02c87317bec0b85b38cc0	PASS
1397	1,2,397	2ebd0218061283d974494ab4ed89f777eb807798bf230036abe532d9ffdec00f	PASS
1398	601	df9b47c683af0f7e6dc2a35f40c719aa4d5a7962729bd2d997edf10d4a500d8a	PASS
1399	55	d76ce69f4e3f05e88f105f13d67ad08c7fac8200e8271ad26f33aabad48a764c	PASS
1400	1,2,493	792d336f08c1a2937f98e0b5a632c7cdc8e012a966b63a5c737527bad8097209	PASS
1401	92	6355eb6750e6de91d03200da0c7350991d55776e19ba53866a661d55482f43bb	PASS
1402	127	698c4af08a1ee6f8ce80958f9edddf2715aabd54c78bf03f9abab29e79b0dea0	PASS
1403	1,3,524	a2efbd9c87006d7760f75f8ef4e00241ccda1cb02b07638c458eb3760e835b1b	PASS
1404	81	bacf818066222d0604da01dc61e9e25f102aa09e4464cd37263e40bc577e720a	PASS
1405	1,2,558	40457367d7f60f696d80239b39659ebc8f93b691076b348b19fd14183ac45d53	PASS
1406	1,2,13	5d72157a6afb2f49bf4e07f73b643204c3f2ebb240fb7cd2fe9e07294743e7d0	PASS
1407	47	e7a8e86ae6ece41b8811bb15e2624116137e235e14fb344e59f7c183ac655893	PASS
1408	1,3,45	2dff2f16d74ece2709d711560fc53690358c7e9383a2d7b4d2aac2b36faeb11f	PASS
1409	194	775ac4da1269a6ba9651d1a853a49e30a4ec8b07d128f4575e6aa24c853537ff	PASS
1410	383	f0b402db59a016c2cc461963a5f92667c4186337ea1f929da66d9ffd71c9c327	PASS
1411	1,2,200	9d245e3edb76d4b0d21113bec5e5fa443521c3083dce750c991eeb480e1da753	PASS
1412	125	be64bcf03a08c6007e24dd97f80a989e74ae8eeeb05c28489e1acd3727ff3e84	PASS
1413	1,2,101	815f09d65329e6ed36dc443db8aa6acc29fa21a9db73c4848cbc91377acac76d	PASS
1414	429	364f2079711dfaff6a5d459188c69910712ba92412bd692d24030933bc59d536	PASS
1415	282	1a3d4d07c70188f4f52978fd2589ed4b036a03103643faa66123c42b4d2f7c23	PASS
1416	1,3,231	881a5343b4e2a5d798da5212cf9151448fe9dd30c1dec07364ee3c45477d227e	PASS
1417	342	7dffbab9980817deee795807c752bd6b5ccb217ab1fcfaec66f05b21ecc5e40a	PASS
1418	1,2,283	60df2a7f827a6009910d9d0b742a0177586c194100a97126c2e75f6597d6fd74	PASS
1419	1,2,592	284cbdf665100dfdc87136ebf05fb4e62aa0633a88e864ff4d7a86ec8342278e	PASS
1420	33	98c7151d98f8074cc167c1ab60162f13e6f8c93cf53b6ffae93d6c48961ffb90	PASS
1421	1,2,30	42553bb01ba1e20025d59c37342cc4de29bb3dab5248637f78a20d804aabb703	PASS
1422	49	d4b84bb011e3cf583ca687fee2e000d74b995531519591f1f4fa35561cba167b	PASS
1423	15	42bd521c60ef9405320d1fafbb03154934ec2ad94e81f30721460b98cf5e083d	PASS
1424	1,2,507	bf32466ba9bdb6262e9ee234dd5a4703446acab9e00448ec4f39de9eb65bd72b	PASS
1425	28	26243ec55095054ef12e9a8649826e1159f882b8af13c92800918fa55736080c	PASS
1426	103	f9573ffbac99160578247703433755676a81f7d34439d212c2909db26f1ae17d	PASS
1427	1,3,92	291628065e10788c337e0dab1c5437adb4b495f132bae7cf83c1049470248758	PASS
1428	27	637a4e1f38abb7f76ce9907c2fda3bc9102f2d7dc8e0480d29a44bd9184ab8ff	PASS
1429	1,2,149	6e8b203d9a4ba8aa7a1f9271f5890ed39a8b854719690d7af5938ffa4787d03b	PASS
1430	33	fde7e3839988a75d3cc3bd1f308c49ca73a612e44bed4bc5ef4b1d06779a936b	PASS
1431	17	74e5a5f2b91a8ad63da5c4f61a363f9db129bb0725d421f11f8c8bed1f30b683	PASS
1432	1,2,251	08a154bc640234097bc0a0be405ddf39074aff24b42d7452144d19f6b57c3d41	PASS
1433	387	5f0bd9cd056dced9d317ecd62a4bf9706e20cb8e3afd71993700056bd56e5bcb	PASS
1434	363	73fad1c234639cbc8945402dae6efbaefd3e6b40017e80d13df4c3875b7a06d3	PASS
1435	1,2,126	a15ee6027a81e959afd806dd76212a79c9539b9b3426985961caa0816d316b85	PASS
1436	83	9a17589e4aaf32a04a55f1f8c2792f24029f5f0324102a9517ce91e43cbb057e	PASS
1437	1,2,545	09929b76a9e041441e6cf65c60c57d419e860c1e151a47f823e83e82826e3d3d	PASS
1438	357	2d8fad5d487bc159948d823b39946cd9cad12a0083e89441a2d465a947bd460d	PASS
1439	1,2,535	cb85cff2b886d786bd1823ea7d22aded58ffc2b694904fb28100a7710526789c	PASS
1440	1,4,359	e9e0b79ca1b8841c34312ccb29eb2802786faedbe0a9c405be5972f97c7cf6f9	PASS
1441	322	e076cb1bcbe4f541bf0c5427c07d7692d1c64529a2a92be321be20c66c143bad	PASS
1442	395	fd63860ea9f4d343db796e9f1afead6aeda60aa8af0d65289f35a48f1f3eb5ae	PASS
1443	1,2,413	60959c48f1e5d10a8dcfaed391290eef5f128da4f513332dd853bc62d140dee8	PASS
1444	595	65ba9456ede89d2cf31de1ca32b6c1a15856e2378556822c35282250496ab301	PASS
1445	1,2,214	c587fea2ee2bcf9f1e5e7d86a31b8dca2cd532fb7e98cec2e4da3f91c959291d	PASS
1446	421	22b157b170b8aac10a7c0eaa9cfaf4a48992fda0afa4a20118f9c5c5d29aeb20	PASS
1447	195	dd9dc2ef6cf712b93fb2f85f87b6948c3e678bb980e87a9b86642018ef51d66b	PASS
1448	1,3,212	6921f646bd8bc81d868c51b5c4a59dd62be178941612f97482b88e5f8d83d8a6	PASS
1449	13	e6914896a49c7f9ce3c5410ecac852bf252c19184753e50d47d89f188b1fcfc4	PASS
1450	1,2,155	ea7b3a41702554b208f105600c83a35a67babbb9cbc8e4da6d4bcadfd048bf52	PASS
1451	1,2,193	c6f2042e59e7b7fbb3f0fcaa5022105f2a264ec460c737a18885ac849feece40	PASS
1452	315	7954ce2d52360d2a03db4250c0e979ca515d14b2086049525ed589e89a39c691	PASS
1453	1,2,348	9d4c90f73f1421ad9985b5e7530a3b6ae80d19cc93256572ce1183b7e44c33c3	PASS
1454	297	e248aecccdb77a14bbfc25118578b163910bfd0ca454a9e545969be89ebe267b	PASS
1455	52	99661a491261ec69ce1a0bfc0a1c12f719cda73e92add3de95449a20a68a4963	PASS
1456	1,3,33	f52879e246d33a551d3742a9c2620813307f76cc77fc70677a2553805b299f6d	PASS
1457	314	6a77aabd2b58ea147bc28cdc07ee79b7e2ff3e8cf0d2351c1ad758388150b683	PASS
1458	243	164b98f9054df31e4a636650bfe7a3ac09d6185857e5c2a3a10f699a37c8b795	PASS
1459	1,5,62	0f24cf4237b7368ece5ee378499dc14bf5092e02dcaa9c96cf637079b710a7ef	PASS
1460	185	56bb785e6b76c19f6ca56e840d3e3d74bb721fefd95d4ca6aed87124acdcc13d	PASS
1461	1,2,446	b32bcbca5abe66cf0917fcec425093af420366718bad0c324d5704f10b6248d4	PASS
1462	1,2,165	881fca9a8c47b8a60c62e5365b74a3241eed9ab3a4ebe04d25f1f9b58982b84f	PASS
1463	575	14b3be48b19ffe6b51ab3102423c3cb5da1bd7b78d6acc8342e3aa4ac7cb222f	PASS
1464	1,2,275	296b2ccdeb2deecc34909af2d3a47015a90015ff622072b0bbe8806a9aefd2a7	PASS
1465	39	af48afd26db92c041294e525ccedeaeccee4777d45d5dad16bb4c2cbac0d30ff	PASS
1466	311	3be055109b77969dbf973508fae90374622421a618490375e96ad3838387693e	PASS
1467	1,2,113	71261cde3bf551ad6ae8a657b92342b9480e952f0bbdf4055da475e4d94a4ead	PASS
1468	181	7ca9a6ed744e20d5fe3d449e32173d8e44f21c41e6572c1e897b804e4a6ec27d	PASS
1469	1,4,251	a22ea3a72cba093331544294c5a658ee72928ab35b61cbdf184c3d325f412470	PASS
1470	49	060291434242cb7720cdafc51725ba8fc1377bad736363be86b954b3348887f9	PASS
1471	25	390d7272c9339b781592b8fa1b0e01e82933b720c9eadf0b1b28dfadac3b414f	PASS
1472	1,2,613	d22c16ce701d2a5a5d177d36d78997439bae1943b35bc07921cd99606adcfaa9	PASS
1473	77	051be36ef74cff8c15fbcb4ff1466e35cb72299836298ab18ff3b39cb32d973f	PASS
1474	1,2,59	ababa6ad527a0e24d75e8ad51f0d73c653fc8dc8fe05dd2762ff17be13c758c3	PASS
1475	1,2,208	f0eea961ad5d32b73c5162ade8993883b563e3ef9859db2fc9308c78ffce79b6	PASS
1476	21	505a38e0b3d56d09e30d6627fc245e54cfd612698613d8a35da5fbb7a27b156a	PASS
1477	1,3,80	405c7de1fc001e91877dae45b91ac2374cd3e63dcc047135065f5e466bdbd695	PASS
1478	69	16dcc5a148b1de70de4cc937cf7514e5983268b16acfd9b4c29f4ec87dc9515a	PASS
1479	49	60e7fb83f2c69f3c0dcd9c943a639d0f70bbe602e1a9151ff68bd0050dc3e9e6	PASS
1480	1,2,285	79b793fa1037685d3cf7eca590a3f7b6e34fb9302c62129e1f4feb122421f68b	PASS
1481	32	164315cc2a21711049912c43c05f2f8da11e71b9ba4e6aebad34bff1aa5f6bde	PASS
1482	411	881f99815dc5336f4a324014bc47466002e87e6b0dd17204da994b6c7702d82c	PASS
1483	1,3,486	e533c1c48003e6d2183961d660015f7598830fb2369bedfbaa046b7a2676b70a	PASS
1484	1,2,61	e18c017602ad3ade4beabc4ef55028b58d458418656dcd478151b6e13cb901b4	PASS
1485	1,2,655	efb31fe94ae97a391c414216647f55f9522d316ce7bae240c67e8a0d7c7237bd	PASS
1486	85	d0facb39930392164807a7e7097734dc43f6a3a4c04cbf4861e69b0d88f44827	PASS
1487	140	8f48cdb16effe84bb93919fe443d921eab5abbbffb60ead6d830f7ae407b9f7f	PASS
1488	1,2,463	b8efc91e5b7848026d6b1f702db868c1f893d11ac3b23cb011f039d69604941c	PASS
1489	252	2dac58f8f67a682ef857adc92be2243ae02915bfd1bf4f1075c4f8b10560a6d3	PASS
1490	279	2122f74650d6041bb3853310fb3c546a04607be1f5c871bfdf3a6d12f1c32ef7	PASS
1491	1,2,544	1a383d386d7829fac0b97217a3b1cbeb27f9df9c54c0d4deb18da2b00d844802	PASS
1492	307	3acb674a213c6025c13d42856ee1a8da14583320e8edf59a5cd02ed16c7db978	PASS
1493	1,2,378	4a502071ad8a88a6d135b1cbc80a90504ed8bf02add540f1d36ea8be4e360040	PASS
1494	1,2,731	77732c56cedaedee16272ec498fb2cf81e31aa9b182b14a61e3b7c09a8547df5	PASS
1495	94	dc5afa9abd3533de1356ca487758654421e7e5aec7c08523e3a5ec3da44b1742	PASS
1496	1,2,181	6ec97c6a8a2b24a3099fddf040e76211dd5a853aa4adcc1a60b72778ae68b0b7	PASS
1497	49	69bdd437fb03bbca61b858294c9dcc0b4e04858943c14c2bd36e8c34513adee9	PASS
1498	1,2,416	3e3a51f78f53cb57635bfc1ac1723ca81e566e27f69c560bca6695cb32aa7f76	PASS
1499	1,2,477	610396882b527e9e32d84ae85bd80132311f7a64c57f7b3a81d4fdfdcbf0cf98	PASS
1500	25	ea26ccad93df8da31848d370d75a58962ce1e29ca9462fded5de1156c0e9f930	PASS
1501	1,2,60	9b347fda7755629c64a265d97f8e9eb85e4d7174dea9cae6f02961d97cf74a20	PASS
1502	1,2,111	e71efc4f5affe0b7ea9aed4c063e00d9a88f2dc77da6838f1ba9efabe18c393d	PASS
1503	80	abcc9f336cf2f0b078444f8cb24eff0338d7e980b546cfa2c8b0384e4c1c510d	PASS
1504	1,2,207	37eb32b2bff8456f33654c6202828f3cf5f2757e522401d40c754598a9a45e0e	PASS
1505	246	8a852f15296e67533e4d9a2464d78868432c628803c4de81e60081e7c3d56318	PASS
1506	1,2,533	d7e9026a22874f9aae8e87b559e65675ec5de6ed70b5442631042e6d0b9f8c4e	PASS
1507	1,3,122	f01648328e47b961db1d131c9d1134ed66d96599d7cd3c070be5ae925c2b635d	PASS
1508	599	c7a6b0000d0f0dfafd5718ec93ec6dd4b538cfe900c956305e067a18901965c5	PASS
1509	1,2,209	7f7b01d55b1bdd6f6f8c2d85772c4b9a88db041a4d41c229d37e3264cb316000	PASS
1510	189	85d9b1bd9e313db7469bee245cfddb5e8bdac3bb9de84a3a82256acbba025320	PASS
1511	278	bcbc3f8f93c867f292f0659b931e908cbf84acabf7cdd12f9c9797c26c3f591d	PASS
1512	1,5,715	465c5f2cbdf8a9366d2d7ebefbf42458975383f20621cc5adb19906bfb0d16db	PASS
1513	399	59f5b18792e72d1050ada00ec7e1a19e148f66abb7cfc3024820655cbb6de561	PASS
1514	299	2bf930634790edeef5b0f27a12a71827cfc60fb347e9cf9c8984e0a4fa2549fd	PASS
1515	1,2,712	6bbc92e5e550d4eb28f9de7baf77c0bed2ab71bc306039b110a7b58b17922790	PASS
1516	277	0d6887018cfef934397821ff4f089aa808229aaf273fc1a4b0585ea49edaacf1	PASS
1517	1,2,568	3d5ec5556d77a8f7e6d3370b027f611448b2c4b9f26c7ea002d4e29f70a8be04	PASS
1518	69	6fab9c593c3ca1880d5ebad509de597544a17b2bcee7cb6dfda2a68b6ab1a6e5	PASS
1519	220	d2c6e58635e5be5f4a76594e416226aac556c52cde7d60bec020c39bfb1105c7	PASS
1520	1,2,81	55091e08058bed22734a5c5ebf453cdfc1a2010a6edb58e108d6218fc51a4e53	PASS
1521	229	3b4e041c2e678f69624916a0f49493922de77e9ec9adf1daa215f46a8f4ccc66	PASS
1522	1,2,47	8f936a16ebffaff5629398505bff06c4ec9a27ed80c839f1a556826b7bb53094	PASS
1523	1,2,240	902f1b3ab50ae8fbfbeffd49f575f0bcbd6a65c3c57eb57c6732053c66c4503a	PASS
1524	27	463dcce911ce2c8fd243c8afba3807b98de5bd89ff03b12aeb57d12b08ea6f62	PASS
1525	1,2,102	473a3d1e98e1acc9ad51519dda3348b2fc66aa5c38578efca48d87be8e5a0459	PASS
1526	473	41525e68cc3ca9009c0a83c76dc139dd21247851e39febda0a400b1d335fdd2c	PASS
1527	373	4ee5872613f0602dbcecf6d7604e021797cf8baf07b96d9209e47222d4547c4f	PASS
1528	1,3,124	86a6a5002285bc30ff75437a7e36233a36c90710aa615f34fb5b50fa4d490d41	PASS
1529	60	f9e9f510fa5fbfde0b442014e53ac13b10d5edd809539f90a17d420b5e495c2c	PASS
1530	207	2fc246f2d3d4f02fe0a76b6da75efb652c7d0c3a18ae886973ba775b260f2f9c	PASS
1531	1,3,28	f9e08f0021263b783ac4c987ca8d12851501bbfc687d6007a3e42b6442e0c859	PASS
1532	1,2,466	7e0613655f37d636997414199ac5428f6c843d60d567f97a98eec015d335da98	PASS
1533	1,2,763	e2005ec110988f81bce6e9106d68d0b37852e5f0115dd3235dd153f0197891e4	PASS
1534	225	b70a999cb7aa97c8d6d65fd017d92b57387907d1a51eb5a844d1cee039ed3063	PASS
1535	404	760b950aebfa46230e47419f69c8d927154d51c440d6906054ca9b1af2d91999	PASS
1536	1,3,184	84124d62d647a96ea7cb7c6bc2a9deda96c3b2bb240d4a0433e10a237936012b	PASS
1537	46	f6bf0c65c23f62ed5e831b0a7d0c96eff18b4c602458d49d33fa3049fa784057	PASS
1538	1,2,6	53657dfa670ddc5180a3a9d0e682530bb9afd346854e9c0480364f5ca3019f3e	PASS
1539	1,2,80	b04ee64049e293d5100b28d36e035a19cc0ae341a6410a5ebaca636b2ea4bed9	PASS
1540	75	84a7339ceec228f556e9038651b29204ca28d97f23e4a1dc049c32e399a44873	PASS
1541	1,2,4	bce58789a0e4d427608d8486d368731f85f5602d00602197fbc25f47848b2b79	PASS
1542	365	429a7e7ef44f10623bdfabeb5c32af269b5758aaa10e333426076cae5e7c3b6e	PASS
1543	445	c7611e5b422beff5a4c95f099d5de05c811704703f410a165be9f4cf673a1bd7	PASS
1544	1,2,99	b2a955097b6b4fab9357ed16a4408f6f3b71840fd497640f7ce8350e47c120ba	PASS
1545	44	1b8759d6cd21028b1a97e6e060cb4b31080e9b199b01e88ef0fbf1c57b99f30c	PASS
1546	1,3,39	3ea29f1aaf4d87c534064f1b757cb79ea077a6c015363d6f20b342e938f0b895	PASS
1547	1,2,493	72f772f6110845d9b15c65777b4c60f1b5ca9e7e2c747ab09166202cdfe0ec80	PASS
1548	63	0a1d410aa845d90998bda80e90c442039c5d47c2ed884535f659b76bc5604881	PASS
1549	1,2,426	0f2b8af4e814146888bfc5fd54c5f3b475098e14e0d17eba542f7e442b523f27	PASS
1550	189	12f191d274778c5b6b972bfdc31a506bc777e50f1af9c92d648ed3c5706aa8ad	PASS
1551	557	7619b42d1f98f698d5fe3a8cd045fc812202ba684f38fd466fa77c8338a21c9c	PASS
1552	1,2,83	feaf2d896e39153d4ff9cf76aef43022e00f72b854eeac914a4b2ac9e71fa6e8	PASS
1553	252	769c90e67694aa7c33167bb39732a307d0517879e1b70e5e450c1f6129188eee	PASS
1554	99	8f31adfec9510dc1b7a52fd2f7f05e190e4de94c2f7b2fbd65ec2988aea432b1	PASS
1555	1,2,254	0c2dfb0a310ea2428786d13ad39f913b48f8feb30ed21335953b15c13e7a59c9	PASS
1556	65	bd18209e3ae1b83820adfd040b796ea9e5199163d69c62ee948cc3b00dc24a7d	PASS
1557	1,2,20	1b68a1c38e9b93ec288afc5c4fb0710d15fb5b552f30e47466a36dc02549a3a1	PASS
1558	9	86e5ea7c42d9009c3566a815ce0f9291d0b3490dce7b2cb1a681f340e7093383	PASS
1559	119	417ab7e53389217916de8b9e1737bbf0894cf78dc8ff38adeae289149dc7b821	PASS
1560	1,2,11	ea8913adeeeff44b29dd7e7a0d93646f215aa37e641b11fa1d6841d663be5f6e	PASS
1561	339	0ff74709b9e1d934c7626aaf1d83c51afb4abf8eeec14ccd931b0ffcb718f4d7	PASS
1562	95	ed6737a9d9f68942aa61376f5192777c3c45628c270460286bf691930539a0d0	PASS
1563	1,2,41	656b0fa50b975789da2eef30aa59462af9a4c1364d2a3062f3a4fc55cd139d5d	PASS
1564	7	e9864c9f1fc5aaccf72964173bbfa6c4e3996716deda356fefb1bfdb8c0d0f20	PASS
1565	1,2,18	7fd59de5efbaa155738c13fc67d95c16c18f618649f839dc5c14f9e8941c8f8b	PASS
1566	77	36e970ab494c48cb710f10f0c66819f0afd3a13daf70e003aedcacffa5b49922	PASS
1567	127	17524f57c267f2dfffc363b91922571ad25ab35bf9415e62096c90c1f258c415	PASS
1568	1,2,133	7eeca2a2303c0358a4c45c0fa250e2cc3984553da71e5593e3a426c9d7bd1573	PASS
1569	319	08410ac6ab9f30f2219130f118c16eb933a6bdaa422b10c1528b569b6664a7da	PASS
1570	667	082a7cdff82125efe1c10eb2049ed0c357095620514553959badca68f6abad3f	PASS
1571	1,2,21	c132e39f571f8d30561406ea79733cc36ab8502a5a60dfa961796b90301a37a8	PASS
1572	501	ecc17b33bb4b94af9188f902a03e0650595e4ea4749869c3beb9e2b001cd97c1	PASS
1573	1,2,461	05deee3b970217666eeba4cf2fb14f787070549abd5377ec339ec593e9a677b9	PASS
1574	1,2,331	9c7fb805608fa41fe99129b9fc4d4aac63c06e4c541ca6fb6a79c10bbc41e96e	PASS
1575	17	356080a7cd578fa87ec29a857f2341cc8f603b696c393cf56199c81f6bc2c804	PASS
1576	1,2,147	4d9f34d1390cc2be777eb732b8f7515f52679a3458e5f0dc2e4a9b3cbf3f614b	PASS
1577	341	beb24ba36f92b24b8bdc2c076c77da191bff83fdc91830938437711e3f89928d	PASS
1578	731	6690da232ea85820c09cb8774d7f024c6fc654702c8994abb12e3ebebeb72788	PASS
1579	1,2,374	9f440aa7b6bfd1bf647196a0ce00527983fb5cfe1d4ab3e7547a9c461f3a9005	PASS
1580	647	38ed5a44e5a0c1ccf269b4472fd52120cb2cf9f623311ec5fee0510704ff7849	PASS
1581	1,2,160	4681be6954210b34228e1a76010a9ba7ca37868e88e0676ccf76194554cc940d	PASS
1582	121	a0a148f6d2b6a1ac1d416e6f66af0702a1c9f7b077a06ad1e01bfb55d495d467	PASS
1583	20	e95041b73bed1b471c3fc21f04774ef70b7c2473847d2bc9327493a13ed8d5fc	PASS
1584	1,3,153	cdf5e7186118cec73c8008e894b03f952421b9c4e5ab945da1427347a6b7a049	PASS
1585	574	aa073eea60804fe650e7027a903b1dd462ac18c4d34af2b2238802c6fd1b1151	PASS
1586	399	9eeedd7b5decb96037f69294254ddcaf55d8c19ff1d3f0491451d1bb224be5b8	PASS
1587	1,2,433	606bec3c604e5620aabf1fbfea4787da128ae9cc520df1ca248cda064da0179e	PASS
1588	85	6cc84ea1eda527fbc6dc8d0182f7e42332cd55067473f27d34ce6ac7563f14b3	PASS
1589	1,3,386	2d4581db7cf19bf79561e8eaa7d8aaaafc7c39b10e88ed6b79e95ae9378a3b9e	PASS
1590	169	6ed7dd67269171be0ebfc9b64bf0823918208b5c8315c9a9ba7f7fb693928070	PASS
1591	15	2ca37a1b231a0328549f6f9252d45144924c9d6879b138152e73af487e8bf147	PASS
1592	1,2,223	556ad8bd3525669a57de006c060dd28f70f72400aadff33790d630e93bce2f0a	PASS
1593	568	96b33a363dbb51ecd492fad181cd8f5b63bbd5b071b9f2b2a580b4dfd3e841f9	PASS
1594	1,3,221	d7d11e28bfcd5874db7534dc377e857a6f5c9fc90bd723073a9544b7c9018007	PASS
1595	1,2,18	95da30859b668d2f6aa908ef107f17d0093805cd9999793a10fa6588e82b4889	PASS
1596	3	60a75b0b5a0bb9c08e2a76c288553f14a68c9ae399d33802cd48041190058218	PASS
1597	1,2,42	b7bfcbc5d83e14d8dff0f3feba7fb7365dc739f2712a85a456b9d97dddd0268f	PASS
1598	1,2,385	efb42f447bb833d4ad374943c00b05b09c53d50161bd5f4b35ae17c9924c1d6b	PASS
1599	643	92896dbb570c250d2480e2daf46002b781e0542d0a5b1dfde357059aa034d34f	PASS
1600	1,2,57	f440e6eda175723969e0375ad34374b33be64a70e4973aee147962550ce56412	PASS
1601	548	99043db73a6cbbbff0da9616286cb794d3918c970ad23b8df6a24c939b7ced22	PASS
1602	783	7505b4750abf2ffd4dc632993146ff198a2b376752d88452366e27e67fdf0e4d	PASS
1603	1,3,584	fee728bf004aba1552a5d4be6a13a55143563f4792075560d32bc9248a94fa6a	PASS
1604	317	8b8b5cdeec9cd70ca388b28d839a416af2818e8591f0f1fdd1737e2baf1801a9	PASS
1605	1,2,46	b8ae1d10312c2c4e6cc99b73e3d0e7256744b8d68c37a3d43bc97babe0e11048	PASS
1606	153	b8e368b405e5bf07f7cf2fe10d44061e9febdfefdd2b58fd31317e7d114438d4	PASS
1607	87	b409be922aad7df25919225e54a7f7b8c794444f50f621ea1bf58a02b52a007d	PASS
1608	1,2,271	229278d2ee2536b8d799ab90520b0718070759ccd0735fec417314fb56242651	PASS
1609	231	73773e13da60a9122b9d50dba634694e608fcd34eca4fad46b15f5768bc27ed3	PASS
1610	1,2,250	104c2be92e4967b57b7f2aacef6263ee9e09befa86df2b6b15a30057c0f55ae7	PASS
1611	1,2,58	3121fb5a84053cc959f9dd1673c15153dfbb7c8473620409328b4512c2ecf3af	PASS
1612	771	b524ce230592b45c741856db223371569e7794dd7760f37503609d4848172bbc	PASS
1613	1,2,48	7f79e75f55154c866957f7d08330ed6c6824a68b6489bdce6f60b3ad774cf8fe	PASS
1614	1,3,198	c1a15cb67b5e252d7edd97449a197bb315aa0ad2464f81970956bf73b58cb01a	PASS
1615	103	dab219f939867658b4be0c289d9b710d61ca1fc0685ed03ec2e35a0d35e20d71	PASS
1616	1,2,139	5f3d667f07193ef50cae8828bbbea7d46a689bfe769fc869549065e930042b2f	PASS
1617	182	a000ea3dc4977c5790d52dbb7bfe4dcec85f1553d462de82386b65c75655c829	PASS
1618	211	5a0061f70a40935d28a8472a57461c9f7d47214738a7c1d954536a7aab8c7325	PASS
1619	1,2,289	750ffbd017f5c3354080037ee09e12fee0dddc47e59760d6ae1549f2fcf8e4cc	PASS
1620	27	f7af341f20b8ebac2f53ca0c76d5efd0b2ef2645e7753f00634572a1a29ba9fc	PASS
1621	1,3,174	8e547cc518f803156b4a45e04365c9548f350ad88d8140f6d649fde74598d2a2	PASS
1622	1,3,338	fbb4b7f25b18a242daeb3d0d2ab5c89ce2b1a306ebc77b22685b6e398d4c33cb	PASS
1623	17	8cbb379bfed2153ea0a4d69353fc27284c0d5fdd5eb114ca19569e82de9a2226	PASS
1624	1,3,71	aed1b8a6c1e57e4348f40a1900c9a0359b2c56ba09d9e10064a9972485f3a42a	PASS
1625	69	66524d15532e194a280c7db0bee0fba78a352c55efa92d87b96a04cd06b22499	PASS
1626	1,2,191	a06fd16a139ca07cc01401fa3b5f3c5fe503f0c50856a5724f6f4e920e8d2d9c	PASS
1627	1,2,189	d5ec61460b6c51403c0377f5dd6a382ca0c6153ffce54220aaed1e57fc826ee2	PASS
1628	603	06fac7ada0409e3c5ab14e592629538c7a418748e39c36667ebca738d50fb0cf	PASS
1629	1,2,397	97de5aab912d953975e7d739e1414b7f99302e897998e907978d5697c38e010e	PASS
1630	741	63eb2d6b40152f14ed36f9e98ff30c810096696575fd6999fa624b4b8f74c51a	PASS
1631	668	083c6c39e075a4d023afbd7ea25dae54685426dc7a0ebcd0b6ae253d12c9ddfa	PASS
1632	1,2,211	8526513492adf65cbf2b1c434a700d3140c0c960f2ca8b3faad891c0c0704863	PASS
1633	147	984c64472e9131b2fcde5d1fab0528cb5c804ef0add94af239457d2609379e50	PASS
1634	227	2a663c16ce0df41f16f7f52039e821a0484ebee8f052c301df86c990172e4741	PASS
1635	1,2,113	1d05c285cce7bdfb2f78fead0b819c051daac2139fc7d64f5b7fa58bc870638f	PASS
1636	37	00549c9122303c30d8431a7ba1a9fe9aa69107e51154efcd5801eba04bd42f20	PASS
1637	1,2,234	7e83dfbb2c7ceab89bae958a647a4c46b83274a4493afd30cdfa041ddf4a56a3	PASS
1638	173	1c1a4c78f23c93c11c03a2d678a4ab9a494ffe14f61c891c30e246edeeb28a31	PASS
1639	427	5e3200548303f3fc9a0376cd3a916a1f421ebf4f6d553debf1d9d9dcda17a459	PASS
1640	1,2,715	a922bdbe1e60827544ba1bab9e124156e1f32dbc2e98736221b52ac14832f442	PASS
1641	287	8e4a4f1ce6aa173d1c55f93249ec0670c3aa10be252f59c244b2f6f634bf4e28	PASS
1642	231	ee29c5fb2568dc733c5e3f4e7aaff84211dd91bc3647badcf3e7bb6dfe44b49c	PASS
1643	1,2,760	e1b31cae70d7cc2c78cd8429893d06b75f3cf1130611ff3f9871e49cbb617552	PASS
1644	1,2,236	dd51329b2fc2a96eb6534f8f4a272dc0974af13624bf6c8303d91f370a73b2c8	PASS
1645	1,3,604	e449e82321726669f551efd866328eaea2bd42b3d14a377ae14acf699a930446	PASS
1646	1,2,435	69b683f3db0cafba23e57448090d8302aaa70c86b8a909604157dc571f28ab26	PASS
1647	310	795234b3391a1b1cbc4729a3f0ffb8b9d39a1a12debc1ea0a77b2228c927a82a	PASS
1648	1,2,77	f506bf55484fbf9e362bae04775b5b8cdb4a7917a7736293986949178ae06394	PASS
1649	434	68acf9357a9cb8a95abf526acc9d125624643724d0b46d151e23a6a544928427	PASS
1650	579	44d687906e5d600609f121b433a9fefb50625e4ce8bf2414a86566b08f62fda3	PASS
1651	1,3,798	dc05861eebc0688466f00decf0768b4d7c0a415d3d1b162ddf382c31800eb960	PASS
1652	45	2fdea8deb4d014c2fa53201ab3bdcc714680c15e468ed4f0b432ac14fbeeb905	PASS
1653	1,2,82	7984559386dccc170112faaa3248340a363ff842aae285926a394f59c2894c81	PASS
1654	1,3,201	fed11e1fba5c7087a26e96901e8d7ee9721ed3fc26c2c698d00feeddc503d400	PASS
1655	53	9cddebdb47f8673b534afc62630fc941c3e6528716035501f1600aaaafb5494e	PASS
1656	1,2,361	b33e89f79af5c3b38d8af742be0f1d345c1306d64cea68eaaa9d5d6088d2c4f2	PASS
1657	16	8cfeb0e5dcb0702a8c0933d005e82174094f5786a19be7341ec7136d598be9db	PASS
1658	1,2,552	2ff7146e455faa6e34b9137c8f53870976987ca421f773eee80f8fba42cc355a	PASS
1659	1,2,374	f2ab5cc74a26fb26bbf715532af282dc91ba9181053699e8047b91f24a255dc5	PASS
1660	37	b2f4ffa7090b8e51cdc888393908c22f89bd826233e5b89033ba48431e13dcfc	PASS
1661	1,2,84	127494f8070f3cdb14134a33ba2a5963ef752e398901ed4039e5911314cbe4fb	PASS
1662	1,4,311	2c39a73aafcb6a218c3b183019064f2d805081ebae6450d7fd1c539a83f15264	PASS
1663	99	54dd131e219ea7a838b236c57a64c4c06e80b2f4b5a3442d6b32da51b740dbc1	PASS
1664	1,2,399	55aac605918f66c556090815a7776cf999469a5ab6b7094ecc463f0c40deecae	PASS
1665	176	1d8093b852474c112268b3d40803d8ac92ee0fa51bc3068bdcd0bde17b392fe7	PASS
1666	271	1e3e8914b1e70ff969b8fe0bb1dd1400c3f5d8798d774b31013f34abc6fed825	PASS
1667	1,3,830	3d68224a05d240b087c957e68185ee447bcd834979a3d73c4852383246447a3f	PASS
1668	459	df56e6096d191f69ea69137af86581bc028b8ec74ac439235b12b4c7d7ec64c2	PASS
1669	1,2,425	5e00c408c889b8470fd99adcf6512e37c8a909bbf533db7b6db80eb2f2ca1e38	PASS
1670	1,2,19	879d9e018d574cb1f885b3d1954ee83f413f3090ba116b2c118f0117ab184de3	PASS
1671	202	2b3e0a41ebc3c3444892b006f90b187095ab584518aff4a986b5322cf6661369	PASS
1672	1,2,405	cb361fa572ac9a9621301fd44f28aeb8c32fd9eb579216954b127144eded74d5	PASS
1673	90	f0cb547427413f3c525a23891fc79c4f2c69aafb1aa0826d540569078824e3be	PASS
1674	755	6a4546ce1392dba94882a971262e875bfcd7c51f88acac8508c76a674583081b	PASS
1675	1,2,77	e7aa0f06159328f2a8138f47c8a5c777347257b1ad60d9f318ac2bca61579962	PASS
1676	363	29997005dde7299fc9c0f9404f00f7b4bf7866d2ee316e3e3874ffb5a9f7846b	PASS
1677	1,3,580	49319714c33a1122e9b49721a54f30bd6593bac097d2791384c58332be15a777	PASS
1678	129	4c5ed2e7269a156cc1e62bf7eaa0288f12e9b5776acc00a1280680d14862e1b2	PASS
1679	20	51fd12f4c91dee63ab2715de1e87543d9d0797936b1e15cebfed40966cb97a3c	PASS
1680	1,3,472	78673db7165e52f1022e830031023bde186b8cd639f121f86e3737dc55c4383a	PASS
1681	135	6e664aafbb3172faece051308e0a5b4bfabb9d389d126b79da325de7c5e09399	PASS
1682	1,2,354	d48ced94a3e8553b0f3beef6886c63b5acc357b7b04f283083a42f0f6e108d63	PASS
1683	1,4,104	88e62c46f6cc26fb8882d0515e47e3af4d5301b6daeda1b4b6b16ff23c31c9d6	PASS
1684	1,2,474	57be3f7fb9ea9bb47eabab3ee73edc52ffa3143d7249c99d9ee0e072734544db	PASS
1685	1,2,493	b0fe5980ea250c50ede643049db22473e9828f648794d1269870ce63ad031f3a	PASS
1686	1,3,739	84427eded4570d08d4454d76e3bb1e66abec0c412622cd2e187ede8bf3116600	PASS
1687	31	cda58d8e5d77a30192a226867b1734208c83ae274bff30160fca60e2fd7db25a	PASS
1688	1,3,419	47d8db1ee7694fcac2554ec4777d1ac2ab83b9d372dc67da802a47b25d9a0474	PASS
1689	758	5eaef1866ad6304f974c64a5d87ba71c109f515e2ec642928f4a9692360c7db5	PASS
1690	1,2,200	8cde018a15d7dbcadee046a7cf4e228c1ee80e9b0eb8c3abf0d01ef05c3f7fb0	PASS
1691	1,2,556	c8b2aecca97ad9942dac3650b0ae23797cc1fde0641121b8848451a18e520d10	PASS
1692	359	e8115b2794c8083d79a15e38bba86a1ecbe992058dec982c022dc5b0a62e5780	PASS
1693	1,2,137	19c5a0a63be4a177f473ef7fba1d64fcdea9c1a0449620c168255a8d38f939a9	PASS
1694	501	d11fc0080f5252a413fc3add844a94e2092f64dcfc29e8f843a02352d2c81724	PASS
1695	29	6269dde384a7af5b6fbb0850c7f1bbf8c7227b98e18241a831a95c7d66b61008	PASS
1696	1,2,737	0e21d2ee168188ee1cbaadd1247f3bd8ba51608b49b62a04c0e8a86c7c60b9aa	PASS
1697	201	cf776ffb39f770e917fca14318b4e86ec2bfdea24992e3d0462db55536bd3b85	PASS
1698	459	c7b1ee19982e255223b8c66927553926067a795335c188e0db3488fdc91403ec	PASS
1699	1,2,405	75e36cd0df68b16427102de194fc49c81bf2454521badfce3a4915b8d0159bde	PASS
1700	225	a18dfd6807cd5f01b2209a096798d5d8f73b3bb9979586666a69c4963e9c8c6b	PASS
1701	1,2,568	05e3e332d54cd7d1f90a6704b29bffa9e6592a90d77b5c46da9054a07960dcb7	PASS
1702	1,2,245	422fc848f14f16b2595e6c78e0ae5bfcd15afc31cdb1514d40ced22873b50443	PASS
1703	161	053c0ad8f5cd1b15a05e9aacc0a6b5968b0e5ab56ae75ea0b4e785fc7a65cfc4	PASS
1704	1,3,55	87ec50e964e0d1e6bae89ca96b392a8ee4807bce80b326b790a5ff95146d7fb1	PASS
1705	52	f3c8b3f5e5ca75317bc101d6e7b9662158da1dd81972898782e15342f5c0a888	PASS
1706	1,2,574	b51eb0168ecc95b6abe1821ffc788a6cd962bd58a4677917bfea2ba66369a0cb	PASS
1707	1,2,221	647847dcb713bc307629a565feddc2ef2da3031bc9265c2d74879b221f7263d6	PASS
1708	93	5b2d0b88d86e0e7790df2a4295573d34eb631d6bfdcebf8da2554a8cbcfb81b8	PASS
1709	1,2,201	c6ae0198a38bb0e1c3ab502a28ed2d3de1542943ca6a3c76d722ff1b565af2f1	PASS
1710	201	1491c2924f3145ec7007dd841f652640e32842a58caeef583e4aef44f35588f2	PASS
1711	178	0574b2d54c910df58f09041849c9a4b9fb20cb5eb46be09d76412fb8ecd4e590	PASS
1712	1,2,445	0a7e31f52cfb047e5fb7ae54d06b2808412006f27f67f96d29b89a6a34fb5c4d	PASS
1713	250	0e00742e72056a6a7ef4a411a01d1713cd5c9dc5fd3c60a4a53433bf7642bb73	PASS
1714	1,2,191	2f14f1adc0f09aba22b4ae9c689769168bddbab328c8b424bb1d4327065483d8	PASS
1715	1,2,612	7930d8b981ee7d87966c51e1f02e98382f9eb071ed921d573fe8cd784f6e32a5	PASS
1716	221	bab3bdcdfc02fb1a77b668fea453de13335a60776d90ed1ce5b98b70cb2d21e7	PASS
1717	1,3,108	0d9de92f7f352bc1c8200d9725eeb01d7c75dd0fbbde770a5f2e8812852a29a3	PASS
1718	1,2,535	757a50e60c18886b19d24beec93fb4c1e972f40959809dd2d807c12f5eeaf7a0	PASS
1719	113	636a0d2e3f7064a860c15fddd4068ef590febffabc7d9da300b2b515053bca0f	PASS
1720	1,2,525	0ade3060792c1891b5f2e0e09bdcf0fcbad7e5dc6ba0c65455a503465f925299	PASS
1721	300	36ae6e68cd67bc65164710dfebbf62749f68f21ee081d916c083e258e16e8637	PASS
1722	39	bd263804f54d0dc488bb37c9b78b26cf8b479a24926691d13e63db7ea44fb0fa	PASS
1723	1,2,137	2176f25440dca53ad25268afb8876fe00073f04f47601e4e59a8ba00a28c5218	PASS
1724	261	63a530e100cff3736e98a7eb6a4e6c5dc27f9d4749bb23e1eb53426bb34a250c	PASS
1725	1,2,623	59460ac5c64851fee697c897f3bf49f874fdf31422fc5e4592bab36ee4e5c1f5	PASS
1726	753	0daa5069637126aeea61c4e85b74a5331572ec9c5d12e34e881af4defcbc2f9c	PASS
1727	1,2,22	d40ec90d80fd7030f7b96bf080fbe327295a71347d2949a550befa0a6dcb0962	PASS
1728	1,2,545	32e069fa91f837fa876926e904e3b94e96160a05d14f8eb493f79a8a917160f0	PASS
1729	94	c816cec5e1fee996c0f474f2180467459581c968b45a629d1d4691ef3d8948f6	PASS
1730	1,2,316	ebfc4083a5e22d28d7b7b4f7c52e8117acdefefa888668e6378076844c1f6333	PASS
1731	1,4,342	e7c82dcf094256fd0e5777f1b0be3251b8f43db0d496e7a213e3309df1189eac	PASS
1732	1,2,75	9b8220d916753e03eb3ad96f250ed922502c453d203114069eee8a7d0ac999bc	PASS
1733	1,2,285	925cd4c5a30b00c197571c10ae691b8adc58c86e155c656d6f2da6cec0383c7f	PASS
1734	461	41593c186a5e1847769a54e3027f6cc213f6777753432e1c973b605e962dc8d0	PASS
1735	418	c9d7710b22122aa52610f5e0b3a6aa0bf5419c1a46d31d387c4e58985a58cf1b	PASS
1736	1,2,435	8f37686c02786ee1e2f41cd92263a93438096a0b2c847bb7491f8d1d334e003a	PASS
1737	403	4c1b45ca6e4ec7d1c9f80409c6b63297d5b3218b18abdebac7108792af3d707f	PASS
1738	267	95e641426eb20a687c6194a7be1c32d41719ded63a51799d98871433bb0b40fd	PASS
1739	1,2,409	5e28bb71f1b0b3bdda2d958aea892ca8bdbe6cfc1b7f37ba9804d2ae2d35adfa	PASS
1740	259	34de012c05d5e1e2d311c34f39f956624791f69265c34b04f6c35ee6a0c3baa8	PASS
1741	1,3,226	f007adf23c9dcf152693051c037cebe0f2997fde89da76b5c79c5e545457554b	PASS
1742	869	4cc69e1a050ffa18c722b9f98b48a2b67c3e5262a1be9e3845bf60a8d610bae7	PASS
1743	173	d0abf12d61f5a56ffe1e30e72bb1152f150b9f19e9ae6e552ac96c00b5368147	PASS
1744	1,2,35	203cb5872bad8bf1c0c0fe17a169412e977010b2deda44251ee323232ab50128	PASS
1745	369	0eacfe3a6df3bda278008cb01d38b77a0acd552063c322a7d043d06080261d05	PASS
1746	255	9f66b7f5f70ec0bb43fe66ef5b3651b8eca2a594958bc786bd24dadbe9cffc92	PASS
1747	1,2,93	02f02b16a3d5e7f8913e74872711f4e489b3a945d95d75a4c9fa575c1d14b89e	PASS
1748	567	4c2f8e2b43197635d139417c1fe50c04cff535982230fdde0220b3989945bfb8	PASS
1749	1,2,236	4e931e0b2e9117c7a3247a5712e019710c01bf7cc81e8cbeaae0d14d13b1dff0	PASS
1750	457	acb31c9768f723126a7ad97c41dcbc300161e3a9bb0f60d8b72156fe71bbd8df	PASS
1751	482	8893d2e5151bc943a319fcf17aebd8e56698de698b3ffd2e45039b6e6ad05472	PASS
1752	1,2,559	b9e7ef1903636fc06dabb314dde1442e9b50bb1143342b6d4f25be6e188802e0	PASS
1753	775	b7563a8a2fb0595a7dae4587d151b876dc8b94811399eacd7c27cfb1bb9ba5ce	PASS
1754	1,2,75	71c1860f3b410bb195a21887bb991800985c93114a0d33ad4fc7a2512e2400ed	PASS
1755	1,2,316	e2a41a7e21759c7759274fd20933bf8c61a92ef84e68b5e4f41c28fe1e7ea0f4	PASS
1756	99	1f07bb4d7b2b81539c7f0380f8c4293449681f119a17e26642bbd790198c23b5	PASS
1757	1,2,21	fa0d62447d7b61ae8f501b9cd4efbf7c9c116216f9f621ccea6c9918e3538679	PASS
1758	1,2,221	2fbe3b6c05490b94e721a591307b9645d4148f3e1dc767c138d9397850fab8b5	PASS
1759	165	c6ffc44d166085160da6485e80ce8b211f08e7886186a1c845d56a98cfb0055e	PASS
1760	1,5,459	09e3232a9b7292a8873f733a56a5ed61a67877ab62bd8ab018c9321b75198159	PASS
1761	1,2,131	c40cb3aeecbe8981a4766a30155f34706776f7ec45490f1066655834512a80a9	PASS
1762	1,2,318	d15eb9c05b3fd172cbde8055469935c37cbfcf49d251168ce17c14e2591278a0	PASS
1763	1,2,345	ae0bae26052dc9fbc4232a51738b24a39f6e6f5a66736baf11c451a75ff07f74	PASS
1764	105	e56e860b43cb5c3597b6ef48deca3250eede24bdd5d4162ba09d5f827f713f39	PASS
1765	1,2,165	d410f85f98657e4073aeb1d30501d487343f7cbbae4bf35b17266a8025518328	PASS
1766	1,3,14	3eb8189fc4c7bbb4c7c4818c4eb6f9b2d5ef9f68537df02091e3cce4399bdebe	PASS
1767	250	cbc4ae330773a5d0104e799ceae31601536d7c0676f8f33b58e698408c2cf400	PASS
1768	1,3,436	1af0742bc9f18a8cd6583a18192736d195f7f58baa4eef503a1cd37972f6c27b	PASS
1769	327	a2fa304f7340b8cb1fbaf511fd8740c9409b7dd137d8e04d4f595d72877035d2	PASS
1770	279	f97a539721d1dfb2043a5eeb1f3facd8956f661051c47115fef00ff60da8a6c3	PASS
1771	1,2,297	fb80a8ca407f9fd5ccecb581bd3754ac9897f3773a6a6a0abd55b424725bb366	PASS
1772	371	b8d03910d25588969a79744a4f063dd8f9aa1661e5758547809ae0f8ea4c38ee	PASS
1773	1,2,50	4af0b4f7f5454b770ee15ecfce1467b9f6c64cc4dde6607b58cf18693f9d78fa	PASS
1774	117	5207bdcbff24c5110f141029145a69f1432d092acc173536fe8c2b2d7f679bd4	PASS
1775	486	34a8c2ca18a6c9eca4fa20d6310dc6bff745fc5ea9b6cb22980e80e997a3582c	PASS
1776	1,2,17	44adfe2fa7f4aa11d9a7d598f0f563ca648516197ea5e4c6771911028b9de2b4	PASS
1777	217	f322ff3df455afa096bbaa2a6d16f6bae2924f4e7bf33e1cc4384491fbd42f4e	PASS
1778	635	b2126d7693a2e3e9f0a3a8b6f2ea50048906d3c15eeee8f7e2e74edee0bd293f	PASS
1779	1,4,270	bb26413f3f7ea66b01573a17d2a6d470b04637943e4aebea7e630038516ebdaa	PASS
1780	457	d19ac92b80cc7dd7c1565ff6cd78937114a5700af8163e464e022edb2dec537e	PASS
1781	1,2,18	2e9e4605f13bb4f16d70372d0c0000522377157da4ce1bf810504fb1126d191c	PASS
1782	57	512aa2f2f3774e07df5d744b3708d9740e5cbf6a751d38617851b9fb617df4dd	PASS
1783	439	39fd87ecc64bab99a9fc5ef13f084837d3259bbf9f2ca15783f68237d07685e3	PASS
1784	1,3,49	c8f805afff53ff7590453b83d4870c35e815c768148758035677bc65496dedd8	PASS
1785	214	2f7e893abac0142dfdf187d4f37a2d6e8e40b91b0e29128e30618905e783fcdc	PASS
1786	1,2,614	bd9dddd03f736cbad9e7f219e41b84974327250bfe8ab12f76421b1f68380151	PASS
1787	1,2,457	7a434510900349531e4984bd63d3e7359e54b8ef40e1d738b447e3dff81c5271	PASS
1788	819	3d5a50daae247730fb748d0f2a6e0dafa3ffa84ccfc4d5c1e385137d211dbd1a	PASS
1789	1,2,80	e674c091ad764ef583262d8aa513fd33953f2a865104f27f35817c52b0826c56	PASS
1790	593	7522446116ceee386bd3c1f33ee28486974465b9804eb6708a54d0b7dddce962	PASS
1791	190	0f4cbdfe30f8bad5db4f5504d9e16c6332ce7ec025ca4cb106a4f9a6a2cc500a	PASS
1792	1,2,341	4b23ce1e88e70d76c99e485aeec8a4001dfbf61e1399ff607401eb9a5db8d0b8	PASS
1793	114	50f38d0ce89fcb12c58ed53aa42269a1fcfa651fdd305d2123b6ca3463e25303	PASS
1794	1,2,95	318714eee786eb11c91fd30b14c153dc6953e03c036763f09db925d02215f289	PASS
1795	1,2,89	23b5fcf3b4faa16545f08a7b7c5a5ebb8372e985e08f87698a152c1f9bdb00c7	PASS
1796	1,2,829	04f9bb388ca6024c33b669a09d57c7dce7de15b0af3f7172f3ebec05439aa07c	PASS
1797	1,2,80	610c2dcc59ccf9e436f8c06702d339e3de9d30dd70714119f671cf1a4744f7ae	PASS
1798	69	573a1ccd79b793afce9a6f6c8ae6dc6f2e64c43805abf01fcf85ae881a21c1b9	PASS
1799	312	c4908930c10e3209922d2a3c65f3f27a1eee2fd97c9b3bf7f65435b4388beed0	PASS
1800	1,3,423	49f6ee7a56cebeaf922af0dde2f33f1a6c7332bf2d905f980102f6ad0d3c668d	PASS
1801	502	d7422d08a4b6012762f8032a512e1d0b91075eb421bd1fed8d02b84f6f3ba382	PASS
1802	843	0ff873809c4404b57d320feed23cdb922901048a7465dc1402edacf2b4aee329	PASS
1803	1,2,248	9995e167e5c86b7057fa16d719119e74934e3a7276dc54325fac2d405af220ee	PASS
1804	747	e2300492c7621f98795c0b0e46a38cc998c17c41a86b80adc6a709392c18fd8b	PASS
1805	1,2,82	e47d4d4a2a1d3d9a9fe373f86a2fc186f32ddb0c69533a64f1fae29a4fc4fd68	PASS
1806	101	1312177bf99697c8c3e4fb22cdd6379c8c2b07693a5d59cbc54eecf68453a2c2	PASS
1807	123	7c36613430d50b742a99d1295e6bce937f4df6f13b52f348c757033bbfce55c7	PASS
1808	1,2,25	5a2c9cb9754eebb6f721d36c86e57fb5712a283b8e5021ec8f5a19c1d27a407f	PASS
1809	521	e43cfe9fdbb5791e4cf7602afe9af1fb74cd85fa169f6161610541beb54297e8	PASS
1810	171	fb71f15cda6eb826adfa97b8a98457e41974b6cb9d0571a7fe6205cc7c8d405b	PASS
1811	1,2,117	08af3ab6153f79a19bba2b4537afa155f6631372afb50146f6d9d7f2795e51c0	PASS
1812	1,2,758	310965e392d767746638861306ff3383e3c25c0aa022787534472616b0183f18	PASS
1813	1,3,884	ce9926bfcb59c3b9cc50083c05dd9b89f980f5bc8a324d26120374e4589bcf67	PASS
1814	545	6c8601a93a8aa514c3f723642d690623217876e6cd245f124a6b4966a70470d4	PASS
1815	163	b5d22cbf0f4d312b46d66279fb5f6f10710a17f2b0f6b6298a835a0caa67ae14	PASS
1816	1,2,887	3e6ab8f13b05ca1ab7a3c6f175bad3d7ae0c3aa7d438aae9320d18e757ef3cdc	PASS
1817	479	fae0907a87d8c9bdd4ed4535a0f8faefdb51a56b2d2869eef9add99e4e5cf335	PASS
1818	495	57a40520e5748dd2d2b3d5882ebdbb31d999c5b02ece948dff336c5ef473f62d	PASS
1819	1,2,116	44486139aa9c02b24e9f433fb43f275977b31a010ac53363eb4ec200c9f6b45f	PASS
1820	11	badd3b4f56575e51c135aa729be2768ccf7ee3a66e860b41bf8ab80b8e6fa9a9	PASS
1821	1,2,326	c63243432411a0d278565d693d12f2ee16e8be1b8f76851633bda16a96a0f605	PASS
1822	1,3,31	b47adeb5ef75aa2a503639a2ee200500c92c40ac7d981a1ffe367aa22c2c7c2b	PASS
1823	684	ceed2e54fcadd2ed9a1e1ac34c0a7a8a594d2e1a40ef6963da2e5ad0ab12d389	PASS
1824	1,2,821	3a87cac30f77107222f4cb9546798c32927c10f94a09c1e38b7c1a4dd92f23ca	PASS
1825	9	95f6270616fdecfbf9b0975b98f7f3fcad836d68286e4e062dcbd8fb63c5f666	PASS
1826	1,2,298	4769a9622588831a31ee4aa0d38d5b291eb6381e0d388a2b9724b085dcc91da0	PASS
1827	1,2,154	e5aeb70ae7c66f89495bd1e23fa6483d17ba3969c256affe1b7817dcd95a8e26	PASS
1828	273	96f040d681065e44de8ecf7e13f8aa5c5265370da713da0a21483b2d3730b910	PASS
1829	1,2,162	dffe1d16340f616b31bebe71dc036c6a3720b55ecb8706cef38d95f6a5fe88fa	PASS
1830	381	dd64a1115a907d9c0cfc5db8d41e8a6c6ff80d3aab552495b273b0cafb22c688	PASS
1831	51	8984295d1b4b1262390dd5ba25be39845b0df7cd394b457e583cf38d9c983646	PASS
1832	1,7,89	a6d7778bb466f338ca94a42995d753ee9928e7d1db137f39aee1d1f5f275d789	PASS
1833	518	5eb0edec09dde833c90dae58c091ec580cf712890583045a1f46067e67a29458	PASS
1834	1,2,210	e44a6e4dec5a6d883a5de2be1a6668aba8349996a7dd9898c6894a0a89fac0b3	PASS
1835	1,2,288	8fd3f2fd0cd2d722163cf01c6617fa8e1d0e5a82e84a9752e2bc4e177d90daf0	PASS
1836	243	20a6a3f2beeb9d69e47e426171a18ba5d9c8c1ff1b4bd2ba1a4457c6f621f6ac	PASS
1837	1,2,200	f1cecbec5474e8d58c1c116bca3eb7d9cd35b465054d80649a471e8721cd9320	PASS
1838	53	12dde45169d5b991064a6311b8008afd79ffc63429cb5f5fa012e10b1b19d83f	PASS
1839	836	b0a30339351d0270a24e73d3a94c58b0e4a5917d24e4c6eaa8afeadfd54cdba7	PASS
1840	1,2,195	af8142d16f4db399ec5f7dbe8991469b1f2160fee6859f5d78bb1c1442110968	PASS
1841	66	e2dc601a26474d0e2868d3f552e9a2a9d8109a630d696f1438a91b8d3423ca0a	PASS
1842	1,2,799	9406b3dd261922560dc9998acc9be4e678cf0f30fb8d3d1c4305c52448c19781	PASS
1843	1,2,872	8a68076ed95e2789acc817557ea24eb81d63c165d5968893dbcf73816b13bf72	PASS
1844	339	f8ab08991483d66164e90635bc1593c4f2af94fc8deef6efa5b04e4010c9a975	PASS
1845	1,2,526	2b87a69abeee158bf277051eb78860f69c092dc8392800e677ad072660b8e10c	PASS
1846	901	7247c7f5e28cd6fdf36b0bfa4fcd4523bcba9648ae262ce39f40add5eeab16c4	PASS
1847	180	fa59eed6edae2e15b7e3d1f32f93bce74a3aa281a08c4d95b5a90b670b3f843c	PASS
1848	1,2,871	f900cdc3b7730012f0d2546ceea1926e1959ddf28e35990b94913e224b0d90aa	PASS
1849	49	b904d67bfc740694615fff0f3949ae2b517432c110575b807aabafc3392b8885	PASS
1850	1,2,79	505bd83d14bf345d9488f0d5b8ab2f16e68d3bfdaf4d2faa0a43b30922a829cd	PASS
1851	1,2,250	85ab19f90c61eb0d8fd1a89a70255669c780b605a1c9b8d2a5d533f27bdcbbe1	PASS
1852	1,2,339	1e7a98ef142993c976c0681c399dacdd14a846cf3a2b5bc4f172c9b84b9575dc	PASS
1853	1,2,705	04d4cc9cff7831b8e6555e0de38913378682f13e639c92f8dfcb3d963f8f8b90	PASS
1854	885	793c935a8037c30ee57ee8c3829bc63c08d0431247cdf2e7f9a34e5f12b55377	PASS
1855	39	a4153b8694d34c1904c8ae02ca84ac3d637bc75204a77c4fc0872a0c8fab2bc2	PASS
1856	1,2,585	de315aa62edf088b89c1cb2d818e23e768b216f86a3be9ea71519966787b3178	PASS
1857	688	a06a69752aa5d9f13a33f64b7b12dbac4df5c1dab76fe49f92e981b5f20322d8	PASS
1858	1,3,471	fad6b376f9919de42ca14cddc076266969998cd1c8999ec06649d8e8beb8dcee	PASS
1859	1,2,120	9c11ed8b8569b7585cf00aa02f9af1c903e4d0325a59bbc2ded7321115885e26	PASS
1860	13	5c77829bc6c6a441b38fc5974b05493f0a95a3a901097fceb309fba8eaa676c8	PASS
1861	1,2,509	3272bebaf420ceb183fb8a6b8e05f90e739fe81c05e8f1173eb2167d2cfdce84	PASS
1862	149	b455cfe904214eb6f14462d6dfe382d639eadfddcda1fea8d886503c32cae45a	PASS
1863	260	a8734118c2205407a0e4916602d9833048ee6f1c31c6b6a7dd52fa0c715f9f06	PASS
1864	1,3,885	cc62dafb59d997aa1a9a0d6b9adc72149caee85b727180e1d2c4e078f6fca094	PASS
1865	53	bc650984e47eeb77448d65d5af98bdd95d918ce4b1b5a22e46ccaa5af5fc5bbc	PASS
1866	11	007777178a8972533bada64e65c66cfc13b0eceb28b793b2c5b4e6a2f698b2ba	PASS
1867	1,2,117	9037d56c9e02bdfac3ee4b34bb8af8bb232872440b351e246f9ba828889e5eca	PASS
1868	1,2,250	71139cbf43ac1ca1feb86447efffe1017c1d8ee9b2cfd479fdbfa25c87c64467	PASS
1869	1,2,617	573a5747b6c035691c784d6ddd331036cc8cb6710d2ade9cd5c8de85f4bcda61	PASS
1870	121	aff95d71cedce3d972de60d8258cc5abb90b0720136e9efe2735a56f0a554e91	PASS
1871	261	cb49edba29e356660668966675c6d5518ca6ba359c14f48dcfb4fb40ac074f4a	PASS
1872	1,3,60	c0dfe42c2aec22d75cf36f66eb1862b1c83fceb61b7cbb9fe8d2157052f44f35	PASS
1873	199	253c2cfba775f8a0c0ee5e300f166877ab7888b1a40e369a2e18d77561ee5816	PASS
1874	1,2,70	6492341b840fe38382ddb66094ad3443fb22bfcaeb2c4e9c6d7ea4d976778b9a	PASS
1875	1,2,412	1a2ca5b4b991f13466182b9aba65528887e7c32624be6c54726c4ae935d4eb2f	PASS
1876	1,2,122	2c3dc00c3bf768adcd18d731760683ce790c29979caec6f4e7c67f5e2cf68f76	PASS
1877	1,2,796	a479d3c123eb1d831f223271dc215cb1fb744c80db747c3e520929d458ab0090	PASS
1878	253	7737bb5e55637c024b024556a8208949a6d8c8d708b41dbefc36a227178b7543	PASS
1879	174	00b620cafa410158dbc4f1c429e624989dc5a21633895adc67533df3076da5e8	PASS
1880	1,3,232	64e14664350b29b3eb707f59b2f2cd58972ad43e74a9db9f557288730e684656	PASS
1881	370	ad4b0bb9666500ccbd608d720ed45124e8eec75b2b318e4c02a6b6f2a941ae57	PASS
1882	1,2,128	c2bc714671b898fdb2c28df14beab3222cde51fa38e79ab975293f71917a8897	PASS
1883	1,3,646	14ac34209bd6a1367a0226fa6df99890d835ef6d232ec473967f11445e5436ea	PASS
1884	669	2a801eb7cd4e0d83f89cd3efdc007321614645fe55cd812cd10b44f7218f7a4d	PASS
1885	1,2,813	f8b597edfcee0bb60baecf9007ed85e90fbc0193d052f8157fcc5572f2a81e69	PASS
1886	833	bf868bc72bbe0f1d4beb824c55d96cbb4307ec3da85e2df8c54ca011d5eabaa4	PASS
1887	353	8724698d006116df541d4146e5704fc744b3c172baae84a381183d86050316a3	PASS
1888	1,2,923	6303814bf8b849e159516ecb3418a486ccad0164ecaaa5deb4d67a77f0c5463e	PASS
1889	29	560527094c26878148d3329b621223a9a1e986a559de47d5ff09cda97ecdb188	PASS
1890	371	de6f7f5839cc25760f60b3f2edfdd443e1b8120281fcaeb1b9e4fadea4b49581	PASS
1891	1,3,210	88ee45b3213cdd2e3603132b6ec766aeaa568555f4a332fbdff26ecf376eaeb5	PASS
1892	1,3,497	ed5044983985cbdf69895c1c15e4ca4ff13e370e10076e30df0881733da6065c	PASS
1893	1,2,461	e52c93877a820927e5cd171490c4dba45e7232e610e14b449429f629fd9faaf5	PASS
1894	1,3,215	9454bc52bb24ed863358b4fb5a1cc08617be4b7686a040f19a754209b9c68267	PASS
1895	873	66fe18edba23a17734ae9db4a017edda7cd80a8b42b2c7b6fdb4f440046c272c	PASS
1896	1,2,451	12b9ef88a2cff5d23b637f2ab2c24afc446b0da095dc6eecae8eff0d413e6275	PASS
1897	1,2,324	4ac4e6def76296320c3437c463dc9bb35394d3bb0d19b85661b76940df6af65d	PASS
1898	1,2,613	b933c9497b399be1ac246c5eb555337d8ddb229722c56f51bebdcdd47806c423	PASS
1899	1,2,485	5c8eeef9501a5b830e6fbaf1f9e2c4bebbb8df97cfe04580ec9cf095c10747c6	PASS
1900	235	ad901a12472887cac31b0a2a4ee75f241b8e06633bce4d58f232be5234e2b415	PASS
1901	1,2,330	eda88c8f5d29473ec23e7ff8b2477b30743187c96db3b793a42db0b0f6f45c41	PASS
1902	733	b552cb6d1e0eb1940705d5e3feabc4eeeef561d6d67c7acd105e00860787fa28	PASS
1903	778	5827ceebf9122b16e872fb57ad94147873d12d2cd858f5501f6a8915b8a3647d	PASS
1904	1,2,337	5f1e07446f093a2df59f1f28fbb2bcce7039e6ffc012b2b010bdac2795ddebc2	PASS
1905	344	cec48461b19ad0058289e9b6e9012ac31f2a3b106b85c5b7f04bbda771cccaf4	PASS
1906	931	2e463acdcafc84fa661c92a254e7379e6f2f76e69c6610315ba4c81895bb42ad	PASS
1907	1,2,45	398028b2ca5cdbc90afc9ca20364c3cabdd44da9a8c1ab4cd2cd92726359071f	PASS
1908	945	4804178d4bef2505f64dbaae4516d67f404feb900863c4304633ac3511f48405	PASS
1909	1,2,225	4ba909e5479a1ca0131a0b94ae9549c4d649714ea0e4736fb37702a7ba9b2018	PASS
1910	1,3,365	42b9c6c1bacbbcb829a9bd9341d73b7620be3fbe56851f047caa444b17367319	PASS
1911	67	444292072587d60fefde3d5468342fddad2b5eff07e7928e4259c43262f6e927	PASS
1912	1,2,599	cac723450e8a922092bd86b1a5484bee040a8aa05bf1a2ccdd5a2dfd6638f13e	PASS
1913	462	a453b44dc581e848cbe4f5c78b07ac9434074332347f50354635f6bdbdb5638e	PASS
1914	1,2,544	5da0e3cd593ae30421ed4cf5343978161117a909f3539d45da7ace65c1d70b35	PASS
1915	1,2,473	62538e5cb9f89e104726f142371213fdc0c5be9dfbe194a8e50533bd6f08b26d	PASS
1916	1,2,502	8b400f55d80d32af8d8da57c8ef42fb9504752f1ac38587bc4752633508d5d61	PASS
1917	1,2,485	deb3a3488023b526f73d1287a93796b6d5fca7cbd26abc955a494e58f736439c	PASS
1918	477	0abc3e8f03c3efee4ae89a42f912e110e52318a961d8c56e21b0b3ae10f63c02	PASS
1919	105	7f5eda3f002bfe2cda92b996a5d50685ef9e30931ccdcff3fdd5820222d2533c	PASS
1920	1,2,67	025caf3b27d56a7fc0b9463a830a997a6398f472119761000beb33459051c9d7	PASS
1921	468	8ebc7c8d08e5985ba0c21d6a9403464e23a31e313bad650d0aea4c4deae05c7b	PASS
1922	1,2,36	eb9505101c770ee6173dc2f0895207b2c9c2b3f16550340b8a3631d1850cf888	PASS
1923	1,4,40	a3eff6d7aeba8085ae469e4a91170b54be7d4697d1675695612685b3700ae953	PASS
1924	327	851533f4a8e1e1472fa3107e7f928bbc26918d7b16433c6432b79c17e4ad066b	PASS
1925	1,2,576	369326a960e19b4f205f4332d310b9d6ab4fcb093c7958476aa68e9d3fdeac9d	PASS
1926	357	3c6eb19253e3ec307ca432f8f9c0dea611c3660a7166612406418351cb2b19d7	PASS
1927	25	0843ca934be6fdf6d271b98dd29e38b0da1565490870c22d75799b2a550e4667	PASS
1928	1,2,763	cf62b2b1fd839e27f4939b0e0a864486df6c891d6e63cfa373a49de38916940e	PASS
1929	31	5c6b072cf2432bbad692ec1de48870d6641bb90cb8b5af960bf398c3c780acef	PASS
1930	1,2,155	aac578ee213b6c04e8c28be0bb5d6f28e7047c48f3f38ee30b72ae286b9c3ae9	PASS
1931	1,2,648	d467dba335908f1ceba278cf261873df36bc3672c7c394440aeff307cf97b804	PASS
1932	277	878ab97e8f9987b6a630abffd86ae1f0ded0e1c3b22db620c6a1b0aa6d8da99f	PASS
1933	1,4,94	2c38f665fb0b0ce1c8dcaabd13ebc6141f9ef8bb087de486eee523eedce1cc34	PASS
1934	413	460e1ece67102dd5f32714f4addfed220b6754cb625673fde893441cbd14a837	PASS
1935	103	457e58eab2df4ce1ee17ec428b0d7f2868fbffb36c0b5ec98cbca857ba56d9e4	PASS
1936	1,2,117	bfc6eb3e0bebc2f494ac4ce2c13f5cf2adb1be90923d3f8846b47841a3314ac8	PASS
1937	231	0e505e6b6038f2c2564172345817f40e76ce41702987e88da4ac573075df99d6	PASS
1938	747	47b788f4a8fbfd0ede6906ff0196d8ff843fe50393a71a9aceaa1ff3c4bb4d57	PASS
1939	1,2,5	2eda0b30ee5dbdb55eef03a1be35b24d14470fdfa6c052fa0b366c823f1cd5fb	PASS
1940	113	5548bcb4500a451f332beb95b629a0e1a8d9a1d3fa7cb6fac5295f0ca3659ae6	PASS
1941	1,4,307	596bba906588687d7b0377834c86bb0fd1cfa0178128480a082647701d717e0c	PASS
1942	1,2,147	f10312b4c0492c6e28542616149412b2e992fd5f4f71a6d0549cc00c7d7144fb	PASS
1943	11	cfeaaaee83b3cfc274369baa3ee1309b4054a79d107d975e8d694aee03250c55	PASS
1944	1,2,617	e80e166e575d1340cdb15b2716faeae358c43a1b6f3d74fd0fe8c50ad7c32a5f	PASS
1945	91	8b0e920a1dbfab82e775791d8452d2da07606b7bb59f8d4a55c00adf5da1f825	PASS
1946	51	e0681ffee7374d6f286746e6090f57c787fabb853122ac50f22b1222ae9b13de	PASS
1947	1,4,591	4e4630281380252e55b8a466f72bd92476b20b790b1f4f34e7c3690545d3fc36	PASS
1948	603	512f5fd472fae563e8407d6b0cfb575f0b74eba716b67509a77bbea0ad1c44db	PASS
1949	1,2,621	04f7f2b6a34bed3bf223ae419817e95c83183b407abfe142315fbd40fcbae038	PASS
1950	9	b1495dbf1fc972e98b864537f256a433ae8bde16fd877bc6d6b30bcdf3a6a675	PASS
1951	121	d7e3fe3c1764b367c861349a6319fa04f09ab0f8002535dea7daf750ef2b7944	PASS
1952	1,3,65	95fb3c5a22423f352b89434a85862e0ed6840a36742f3d6812bc3c48b819c594	PASS
1953	17	2d7cd3148d2c968393fded01d5599e3338d06741b978ca6036735d0acf31685b	PASS
1954	1,3,28	a15e70e07c5e2986a3bfdbb388ceef747d027eec3d521c03e2ba5d4ccbcc706c	PASS
1955	1,2,109	21f1f601717a2d4a9534e9d5b0aea37252dcae0ad419a2576587b86b03cd6efa	PASS
1956	279	d163a66cddb725a2276672c53c585f0d1bb688639e0a16eef48a6c34d548a223	PASS
1957	1,2,17	5cd024165e3e1e710b26b44fdc8393c289479b51caadf9ef70a1863abe4909d5	PASS
1958	89	17b1b9bbc93cfd0587c43e728d53ac8b1315a6e547ab77bbe9083badd597c0f6	PASS
1959	371	3c351f6fdabbc97f3dcbc42edaa1be32808ea847379191420dee7bf8b8f11e2b	PASS
1960	1,2,939	2ac2c61cce386e77822604c82c59aa90c5ba84376a380e84791a2a642af1fbb7	PASS
1961	771	b3d235d6c1ce9dfae22aa4a21252cc412e3ad00659108dbd0e8fde6e9d7bb765	PASS
1962	99	ba52bd6e530d90dbfc7d47e14815fcf1d6278f9015ead6761739c2cc6669d586	PASS
1963	1,5,666	c0a66094eb7a877b174ed783b3d36b3e0b7df28123897e23232f7c3e5b19f311	PASS
1964	21	e3f7857ef86eb66630a2410316fde0142c92ce0c03ef8c41828f2f314d98bd61	PASS
1965	1,2,364	b542dc759bba05662cb835bd0a10f3a8026c04b435ff6d94626de928d9764b6e	PASS
1966	801	6e6f3f1b9aa7ecf989c095b0a0111aad8a395a4740be996f282e6ddf4b25567b	PASS
1967	26	dee08eeb4254463aed305ceaf5bb8509bf6135952f28d98b501eb8948eea6132	PASS
1968	1,3,922	32c409cf076ed3930e5974a05b8494a5242c4c2a29d9b4834cfd944047c2faca	PASS
1969	175	700a272b808a5afe2417b5569caa2c235b5c42ed179a872f44dc7127cb0dc007	PASS
1970	1,2,388	390d2be401f51a7056bf0d3dec98043bea508469b6b02f6dfb32aa3e53022acc	PASS
1971	1,2,100	7b6f25a55cb9fb9cdb5b265574f69c4d41a42acbf4e39f4e857035223c022fec	PASS
1972	1,2,474	03eb372dcb34300505a75dd94d2cdeb4378023a0c9818fb866f36fab0adff681	PASS
1973	1,2,438	eadc38986230319b2f64c770946d9a90213a79129bc9f2245c91731830282ab7	PASS
1974	165	d04d1238c023df627a781f5602bd8e572158d00d5d4e0db31636b6e1aa2e7523	PASS
1975	841	a3cc535a6a6c916867255a51fef8a302201b88baad15a1a0462c2ad8917b0d88	PASS
1976	1,7,786	831c6890634d0fd886210642d52fcf0d05c81e1ee2b9d4dc2a702901a4c0fe7b	PASS
1977	238	fd806b4187a179167509196fc4a85569f0cc3bf5d6dfccd58275e7c167d07b3b	PASS
1978	1,2,158	88d7eca45a0541e115a8f4a0493f1c0eb938cb4f38de5524405e756735b273af	PASS
1979	1,2,369	8cb4de72c2fd1b642ca0c850a33592787d8febbd2a902912016f39555d6da480	PASS
1980	33	4cf12576abeac4b2a01a301ecbe05bb4c1d78386dd2602f625b820de27d8e974	PASS
1981	1,2,96	c134756452e21d4c94f1e828d788bb185e5fcf867df87d1d52e81bb20965f6d6	PASS
1982	1,3,38	9392bba91d0f0a7d1dfa10f823c4e96ad5f00382fc5108a8528ac9cc01584841	PASS
1983	113	a427e3db00d7f8d7b4f356e63ef40f11e6032e11b0ee785c9c9e4ecf9718faf7	PASS
1984	1,2,129	4fa7db992feb48b78490b1063bbf71a51b0512f5bce80e9aa750868adcf24fe0	PASS
1985	311	00131e4fed6221d2ab59683253871a5808bc3a985bdcfbdab5fe5af16273105d	PASS
1986	891	a26e7cab6464d1181dc22c73eb1cbf89844c0d790b003a5625f2e29826124972	PASS
1987	1,2,80	33fca239e929820b352a60a4f94302d629975ee6b2ac4f4bde7a643036b76384	PASS
1988	555	673b4b60afd1025f3ddd8cc683ff3e48e11bfee27036f3609b4c09341da12104	PASS
1989	1,2,719	1d4386bfe3c857c40c14b1e9e2428b8653e8f5a6e8b7d674dc0c77b844b11877	PASS
1990	133	eba7c8e1689cc1666c73fa8c60bb461fb0b9fd1fb784031d64ee2306cc5d8da0	PASS
1991	546	edd3d8d2c688a27006029df50bae6d9b5dbbf694cfa29e62dfb73c98ca21f3c6	PASS
1992	1,3,376	c16ee3699b67720506b2b7b9d56ed98205f31aa79a0df496cf25d907d7abbcf5	PASS
1993	103	2a98d981771b3f4f65e259272c78e5ab50c7e3a82b28ab6559e2b2682242829c	PASS
1994	15	9417d0e416f2b3772d924fb680badc6b43ecd9135eb9bdb3644cc9c5918802b3	PASS
1995	1,2,37	1ae964c576f91335e384d44f580939fcaed8394f0dc8ba4d404e624715c16e11	PASS
1996	307	baf691891026153ebadab22752b3863e936f3949c615592595a473a98b1bb1ce	PASS
1997	1,2,835	5849a50b3ae5c3da7a56f0c12f0c56454dd73653c3dfe110e3b571903091395e	PASS
1998	1,4,773	528e7972425de69d32f10f68e3e320683db38bfad0625fa5c1804df19b6f885e	PASS
1999	367	65eff654b806ea83343518e22e81dd48b0d4eccdd93c4c3826fd2b258e73beb5	PASS
2000	1,2,981	c7c3bc3b89f44ad48c757717277febfc04aa9234becd898d08b4670def6f0fad	PASS
2001	169	58535718129ea378e318cb582b68a72b1beea92f4430e923b6ac8ea7cf2913f3	PASS
2002	1,2,288	4f4b26b32aeabefb92eb78ebbefbba34f02a41eea0bef70ac7c9e5b280593647	PASS
2003	1,3,188	1d33f95a6600992726d5c997f36d95939e7e80101b735403457abbeac68eb8cf	PASS
2004	441	a337ea50f7f00ea43e6295e3667ce4e089b92b78b9a27613d3ecfdce5d3463ba	PASS
2005	1,6,359	a2e76bd2bef626d7d4528233764799dadb625e0c6987d7e0946b1b532e1cbc4f	PASS
2006	917	fd1d9753b6e5ed04aeef94aba3c2667aa62f32c0f8e29924c86e25798364ea53	PASS
2007	205	59e813e428bb5a059acf6edca5189e735fe6c194d89ddaf0ba7f50fe310ec1eb	PASS
2008	1,2,395	7baf53a615bd02d4ed8c9274717c62ece4cbd96a2abff67347269423fe64399e	PASS
2009	54	784c95435a256c22a5484982fccd0cd16885edfd1a16d382958fded523c1795e	PASS
2010	459	12d8c52adfa7fc21336437d29083b0d56c7b293d2f101658e8f49f1313c3b655	PASS
2011	1,2,389	55d6aacca9c192b1ff3d35619243a76fb684b766ca2ee5301cd3d1cb55713385	PASS
2012	1,2,181	5dd84e0cc653b5aefb8847e85b385466e3850fa260bb78e380b8f1bdde5aaa7f	PASS
2013	1,2,232	fabea578c307694828676bc0ee6ca78b1bad03456282481fe6dcbf817a94d8f5	PASS
2014	1,2,381	f76ff2db3f30c36254d6ee34d93d5fe6daede563f6ffb71bedb285230e9b990f	PASS
2015	42	a1a39a217021bd73ce3ef86cfbfac57053a0c2db7e7689037551771cb37250ba	PASS
2016	1,2,649	19a991ad09f8b3839e8c0814b18627f318e6430258e0e322236cc548d49575a2	PASS
2017	330	56e962b20a36c5b7a58765d543c9cfd8bdbf289b60304e0108672bda618beca1	PASS
2018	1,3,152	f631f85c395b70ac056a4c52f4c61ac89cf2b5a1737c02b0d61b852523558171	PASS
2019	1,3,148	df07b2acb4f59c84f7b5d00e589214f1424cd17a8b50917aedbc37a034ebff38	PASS
2020	81	2ee0b50d06ea7e84da87e626fe7b3923c90d204b2daaace912650310f9fac3e5	PASS
2021	1,2,316	5680ea44c3ab551feb6fc3ede1d453b0690a58716402c7f4dbdbd16ad609ab4e	PASS
2022	349	f3c3df2b65ddb28422795e670df29b2bf31400808a770d278df84b63ad8e14d2	PASS
2023	165	7542d09caab5ce1077fe4ad336f4e39fb27e61320525489fc870f13d7e6e2993	PASS
2024	1,2,277	61c38a45811c241f7f51459b4e8dfe4d7c0c5b91638f469e5693c1ae9f6a504a	PASS
2025	274	21808aea26e6066990f4205f7ae3fde67f3f157699616124cd061db98c9ec2c6	PASS
2026	475	5db2724d84b005f44211dc49fe4b32e74fdede85c40873439741f2699f10c110	PASS
2027	1,4,896	2556873a0d9568f624e63035e7a48b01188091d991561089cfb6994d7bbdaddb	PASS
2028	93	05f2d448a0c6146b41aecd0ab2eaaa459be12b77e62c57f20c0a913f06ba16f4	PASS
2029	1,3,154	49338fa22177d2544632c61603ae6e337100edc7ce39007bea17fd188937c05a	PASS
2030	1,2,253	8330c27ed84ec030b6576f6665978b5b9c891ca4fe388f4249c47b31f861b384	PASS
2031	386	7a9adf21b210205f2f63362776a3e48767ec7eaad4fbeff4b114e1f57340ca47	PASS
2032	1,2,839	74634d44e2ec499b9645727997087fc7193327f40355c0859d60197b628153a5	PASS
2033	881	82ca2ee00a38ed0fb866db9bfa4ca8988ec269b667a8598f79782d0bd28c9738	PASS
2034	143	a64df14b37db1a40aac50294606ad345f07ab9e7ff8ccb37b63d2c482fde01ee	PASS
2035	1,2,74	feee7829dd86a8e806d019f5471cf9ff4e901391a8e157b999f4a91906ca94f8	PASS
2036	71	453d925fe755da854feebbecb7dd3f399c1ca1b963342daf3ef66ef2f53fa8ef	PASS
2037	1,2,565	956d64835861fa9faf8276d587337e23e3d1ff4741dce92fcddd2a1147127b17	PASS
2038	1,2,131	31fcf491dc54c213c978264ea1372173d2a7b0d240f725399f63a0e929e6fab3	PASS
2039	155	806cab704d59431eaba9fa8f869dd375f334efd8d5b07650c6d045439141d205	PASS
2040	1,2,7	6c176ab6e258dc8615572def28033896ac4c6804ddcc1f91040b0dd8751cca99	PASS
2041	735	770dc3c0daf63b5d4b560e2034a8ba8b9531a57d382f199fe49a8027c9373a7f	PASS
2042	1,2,78	bc61555ccc95a3af4f236ec945b4e676bb69852f5da1a225a64cd87477190b59	PASS
2043	1,2,13	b95b5c78bd1a67ce834b4794ad8ecf2a6df74822c0d88a1223329c6bd5dac27d	PASS
2044	45	6254dfb6ccd280081a55dd2292a4ae03ae95fc0ada4106a6bf0a624168523571	PASS
2045	1,2,336	bced9cafb322b8e257d481e3402151c7b3f4fa7f331b5b2cd2cd3c506f5b7e67	PASS
2046	1,4,310	341cdeaff9ca10dce1eaf8b27bd8510c5d9a3c90bf84dd8035322c6ee12b173a	PASS
2047	3	6a325d7e6407312d03c6d97961929228e1fddf85ca2ef644c11e31d3bddf04a8	PASS
2048	1,3,1013	53f02cddffd08d76b1c3f9e4a87ac04f4c4c4d7362768be9bda34b823faf1cd6	PASS
2049	124	f883bd75bd0ca4ee2c70342bb6edd06bfbd4b5b79955fae33933c03f038deb9f	PASS
2050	1,2,482	e109e9b2a03bb561ec29ff6d391127c002f0d7c9c71fd0e5c8387d5812f4f09b	PASS
2051	1,2,474	d83004f05cf18f9c020ebb9864fbbb1c99e636c5df54891061d28eaa1c5c0dd6	PASS
2052	323	c16e4030ff117ce231dae4952187d620604a25e2c19eaba2aed27cbcf1947f1b	PASS
2053	1,3,570	3cb8cfbabbaeb04dc96f9515df8e343c705a305316bb768eb3770b881ca13ede	PASS
2054	201	bcc8cec5dfd2be032884ab3947c4695ddeaebd1688a0fcb3d357db6e2a57b509	PASS
2055	11	4550673a61ce295372074cd1a9e60522e28ed5f69c846582edf15c8680c9c9f5	PASS
2056	1,3,144	a943a741ffbff16b76bed1b8ea107221b582fed29b1941d586ebc605d35aac59	PASS
2057	245	ed7074f55225f0477de0601d0f839412ab1669367d8733694ffb4a585b3a4e44	PASS
2058	343	63e18c283306c0af39e8f4d5fbf248121498d079aac79445753f2de19bf22b9f	PASS
2059	1,2,866	ceb8e2f110157bf58dba0cc4266e85b07bbedad18851069ad7193e22069513b1	PASS
2060	387	36a04039f37fb3b6072da3d621306f110dc4497518437f6ffd084567bf5ddda1	PASS
2061	1,3,396	5642c49343b8a552236c15fb10dd33c3743bb5dc0bdd71fe73458f99609c0289	PASS
2062	1,2,701	6f65b7bffa48e18371e1259c242a1ce7e1b36277659d1051c9dc5c472e91648e	PASS
2063	48	7985ba6d70a5460014b506560d6ddb2b47f61615c1e37405a2b80f464efc78c9	PASS
2064	1,3,1018	4f8b25a91db339407dc9b0b2c395aa939f4fe1bb737e61cdd6ced42cf42338f2	PASS
2065	97	3bad81ba0c56f2a04ce8df05c4564b76f489e6cd9769b14b0c2f27d4d052b9b0	PASS
2066	71	a6f397814788f773a9c8e35bb96ff83896c4d763593a3c10382c7d2b984fdf46	PASS
2067	1,3,556	1d68f4a06cfab5a7b186ff348b6c5fe78e6e0c7bdbaa8b6e183a6188731b1a11	PASS
2068	1,2,32	a2c4b99a00c187eeb9abf45d3ee0380e04f8e200ac8d4f7b48a12055202999c3	PASS
2069	1,2,330	1eccd0b1358dd6dc6a3fe13293b31adbfb11c8e211aed5f20086c6ca807697b7	PASS
2070	237	0de7e612133a9a39fde2345f5acc03f1d2ad6adbde35e28eef5e427c90ae0644	PASS
2071	1,3,292	6522af1fb76fb04339dcd33c7acec0774d6ffb36eb22ac5bb2d78d46ad00f53a	PASS
2072	1,2,73	c7a00819fe995d3a377834e103c96b50abb8190b83011f25f245827f30793491	PASS
2073	253	5dc8500380facb5ec870e25f0a1ea75ffe4b805c4263636b760cffac18a86a7a	PASS
2074	231	f5558580b0aa539d5cd68c6f9e3eda1eae1013eaba98adcceeae05a122b7b490	PASS
2075	1,2,1014	77d67580c19aa3b0b1861e9918add1675eff1e1b25d2858c61fe583ac4b7d615	PASS
2076	851	70d50e10e558f76f7627d19c8ead0a73f7d39060ac5722d17e0d3aae8e9a96af	PASS
2077	1,2,225	1070eb704680da06df8014c30a72c851edacde2cf02fae1ec9fb938206f3d4e9	PASS
2078	1,2,733	007ccb5b1770d87b1b751f381fc504ebb763f429ef9d3b5816a2559e158d4ce2	PASS
2079	35	abcbc172ebe7da25133392795d707152a4f0f3e594904c278558e0a3374f3498	PASS
2080	1,2,63	c603b8e6b9bd794f221ae7809292b2971b0769b5772186615191e48aed6174c3	PASS
2081	467	75e199ab18e5c093391a59f0594153cbf485334aca69e76ac5ffe62f424ae05c	PASS
2082	523	8046c4f53d3a84958158d8455c7ab4511db32fedd957198da7e81103391c4063	PASS
2083	1,2,381	5f90da61f94f8074ef503754c02e0f6f8f56de95904e8dcecf2653bd9c9a1739	PASS
2084	1,2,4	be1e33060fe7094659e9aaf3f4158cce6606a327d1432ba4c79ac2b554f82665	PASS
2085	1,2,16	ccd883c2ff6dcbda4ba4afabf0c4cd56f89fbbcdd0646551994aa05c3acc7a3f	PASS
2086	261	df8452478b0dfc9d15360ee1ecf241d34c8b71723a6e3f6961435dbc0f632c7c	PASS
2087	141	35b47516dc0a8837746ea2535e7b82d4949815645de80cb47f666eee210d18d6	PASS
2088	1,3,40	e219fc12feb5ae3f88f20042f879f7611322b267cbe2393fdc3afbb75a54c0de	PASS
2089	150	8c7eb0e513c19bde21336d03b1487752fa363bf122ba3cb17255fd8101df7db1	PASS
2090	1,2,447	e7c674c39eefb0f53b03f6afc210eaa693961bd6f141bcc89a0084f66e7cd80f	PASS
2091	1,2,241	006a19610770938253fbbdddf5a2694f8805d0048ff1745b01d6fea91d01b0c1	PASS
2092	1,2,657	20c9aeebca1f2f5d3dc09912e604218b0a93bd28d8b53e65ebcdf4b4844d909a	PASS
2093	1,4,495	ca13e044c802e967a66fc20ab26eaa0ff703e3ee6b537333591871a88b5ed176	PASS
2094	645	bae36d82167d5bf66c3e73424755426697c223c4414a3bf3d8e9e22bd426fc1c	PASS
2095	256	78e2b3e3ad1f733c4318a43bffe8f6e60f6eb1beb39201c4d1a1c4d4401b9f21	PASS
2096	1,2,153	d412771b73ffa53fca9ce8e0a9f4234ee6a03eace9a967d12773b7fa3321fdd0	PASS
2097	119	a773d0dfde19c9594bb646e4e4821d76424a2b68cc59273238ec51f6b092a0a6	PASS
2098	19	eccdea5d7f8c7da788368b68f83202653cb9fd75be8805c331d0ed74054fb865	PASS
2099	1,3,560	fbc0fbea3d3b4417f5e599dcb2bb4d9089495e7a8320211ad44c6bee117b6427	PASS
2100	35	d16568d21cf2ed704b36546c7899ec00f35288266c76b7718c70fc43aa32c408	PASS
2101	1,2,281	26edb21936d1377118413a602a626c21f593fedccd309f532d0de4eb713e4dc5	PASS
2102	33	86997c53ff10affc72cb0a1eaeeeec1b65bcd2b06a83779cd40deb9987e3da3b	PASS
2103	98	7a4cf8a6d26ba6045cbf99c1d382f4ea154dd7a53118381799bf4b4c93d021e0	PASS
2104	1,3,225	f5589e16aef2eb17c2c0431ff4f88b799046cdb3eecf97063eb128f6c4aaece5	PASS
2105	153	9a04e9e8f6e2fd66311fef949f546a753cca49b9374b78deb06d30776f10364f	PASS
2106	111	ef7eff0a6115e04ce00c683747a4de749637719f7406f578b44175f4a5e9d7df	PASS
2107	1,2,65	135173309812ced757133ccb1f311da0a745328041dd1c10f8460ca7e0c28cc5	PASS
2108	1,2,100	c84697c3877b2478558d3c7050adad443e60521f47d49ec512c044cf1d74f4c9	PASS
2109	1,2,707	d34ad764985f68a1e458aca60a5b098975ddcd05946898b79d5bece15362a734	PASS
2110	1,2,693	dee96f6a364b1d2141addfc57b4d7ffcad3c290c9567c75e2fe5ba8b59dcbba4	PASS
2111	249	19315c5e28e58de440ae37757acfa740c75d84588accb357909cbd9af8408c1c	PASS
2112	1,3,396	f87352774c633a2d5c18917a12d90c89e6c8a3ff50931d08693e65d9f6a1004e	PASS
2113	385	8f4c4c2cd0ff9090314f97f8bbbf00d2cbe6bc3b79182841b798328f85705b8e	PASS
2114	155	e674e71fb0a95da80a7257c800407d534f5e1cf3b18de291582136a9481a27c6	PASS
2115	1,3,312	33ef95f62c4c993f24948e8598fc56e15d34aa9e88617b7b11dfeeea46b2003f	PASS
2116	25	7e33e04119c382ab35fa61462b732298722f818fb4b7c67f0b7f13da0473a1c2	PASS
2117	1,2,97	d4226512c4956f724ca32f94a69c8a172140cf78ded933a9695ffcae64d6cb51	PASS
2118	385	55ab85f3311ab5a3adadfba41cc8680abe9ac518caf1ad23fae688361e23ed54	PASS
2119	84	88b34816a46ce30394df9046cbe8ad87f06087bf179c6a33505c7c318adc6c60	PASS
2120	1,2,639	04c6a32d79607b353812be77dea53d0e9505940c0ace4604befddf1c0c96ee94	PASS
2121	304	00271320494e442423f5b0169aec84afbeb8cb45d5a4cf76f0c5da7c6f960b5f	PASS
2122	91	d96bb411e76efe12c7624032cb26ec0688ac88e595edbd06e8e1f7608120956d	PASS
2123	1,2,177	0910bdfdb915ccdb059df15a7a4c0f6ce6e8f06d8687dd1cec0a30b7e2e9a7d1	PASS
2124	45	4254a23cdbe28d5feaebf9d1dfdaa87d8c70a4b33a0de3c77421e2d0c98697c2	PASS
2125	1,2,915	b2f5bc3b93dadb4384ec778c50f3cc7d1f704bee15bb1dc7f1600ff0504be541	PASS
2126	881	6ae386c3feb9d8dd44734961b783214b736276c84a22c5122e11712f6a59366c	PASS
2127	539	64420b06a5d18105d78a6a5617a8d2678784a579fd589eb1845764194ed30755	PASS
2128	1,3,57	da14d991d0750fa5951a93429efb779421860d992751a1c0aa85287b91343099	PASS
2129	21	5f832e2b2143d3bbd48aa9b21376e04849fb0e7d5c781df7bffea1410e27d3d3	PASS
2130	239	adbd15c89d07682b1ed79f708698cb20a827b0679b8ff6b28a6d01fdb561de78	PASS
2131	1,2,557	012b36c3c180398d3916f4b93bcfc7252b1ba74fd0431903782ed083afdaefb9	PASS
2132	213	eba7432126ccf77c6c6ce9de7dec84b79d93d19d3852478e1c7bcc2cb07c4213	PASS
2133	1,3,534	a0839d92bc3ea7264b5182e4582616f2092e9a5b68ababd3e55454295ff92555	PASS
2134	1,2,615	4450a442bd07ce151c35bcd2fcf8f4440389634c719726ee33d7fc01a58f486f	PASS
2135	47	1053739426413c937f806e1b7538acf5f1087e99cefe5d7ee52fc602db97cf00	PASS
2136	1,3,69	61bb7ba9eb2ed7f80ce7e80897664b35e48763e605c6acc4fe8dc4a25880f7c7	PASS
2137	331	b99e0c3db46cbe7aa5f877d46482f492f147800a84eb0010df06ef706a3f6e91	PASS
2138	1,2,27	0c6554bcaf2244857fa3b3f1479b22c7e4b50451e9017cdf695fe54bcf3a3d46	PASS
2139	1,2,710	9ea416870416764dc95f1e41da99c43c586f52983fba33fd7c27c0f7395f9b33	PASS
2140	283	e950b5d045debe88912260ee7db5d95b51efc6e18fdfcea4f6a9866452461b1c	PASS
2141	1,2,48	df0869f8ded0099ec285d585f655fdb1dfd66d1a522033ff46ee5fb3e3ca2cb3	PASS
2142	69	e522113134619b0f9f29a90c05d1346e8f1e036d29f5309428e75e7852eb0ad8	PASS
2143	345	7103d37e0df0466f922084cd843bdd2cc446d6d78cb237ff2b2e25ad5de9e6a8	PASS
2144	1,2,657	d0b8deaca7d05b5cb64b62938d782663efc553e0f22be3dc031ddddd2c9865cf	PASS
2145	19	3f756804e3003218b8a1ba0641abdeb81e2e281fd96e36f843c9a0679aaa44cc	PASS
2146	595	749b96f48277e96dfdfe278799e068e683e3ca18fb1ba6729d884328486e7c3c	PASS
2147	1,2,549	ae4a465c7f1e6b2ed480b19ece4285b1a8159315b7c766da0f6811e4f1cd2bcd	PASS
2148	549	ce4e9090d2d4d3b4fcc57fb9c4474567107f6e50fc904c392dd60d82e0c22d3c	PASS
2149	1,2,869	d9aff7b51fc761d2394f4b6b58996468c860bc280aa7390dce81a83d9204b0df	PASS
2150	569	bdb7452cafcf21f41f0730bbc59c0ab67c47933eb1b789331cb74dce82f96c9f	PASS
2151	224	31320636324b4dfd703fc01d09c6d14499a69c6e2db89ed89c9ab5667e930bec	PASS
2152	1,2,273	b58bcd5f02b1a76e17e07669ecc8a303251615ffb5daae2acb29cea19430e4f7	PASS
2153	582	af00b7673ca1726e28439326d30e1d72fd6d37d4d0c55599ee19008f36fdadb1	PASS
2154	1,3,168	fa01614011ce61d310959e18318e82fca2a0c6980d17d74b76a70b022972e228	PASS
2155	1,2,222	86e7ab98ac66d17379e825a8383c82d8159e510ef059a129f7eedd4a0adcdb8d	PASS
2156	405	e83994c90347fcc5dd23d5b19b3c7df227d09ffdc9892499f5ebae8bc72f6f9b	PASS
2157	1,2,736	e2e26b282a2f6e599415f48d0ec2e792032d4698afa3fcc92b65abbd97b413e7	PASS
2158	93	790be778c3b9c052fc55e426ad18139e250b31e2f0c5396056f7a2893503d415	PASS
2159	6	aa62c2a8f9f801010e7eaa9ff9823bb9085c4b282a6e8b599f959364b19482cb	PASS
2160	1,2,631	cc889347f0a6e817d312384cdbd0c3b395f84206d2963a4fbf156f8521463ac0	PASS
2161	766	5ec6d342be81b20a06dcb1736eae06065d58c86985526b8440514d0fc9fadaff	PASS
2162	47	69be4c919226e9b9c07835b3e616c984caa959d24d861833f643829ab8cfbca4	PASS
2163	1,2,337	f39f95d6b20099b0eb0661ab5bccb244133d30451e2eb79181a95dd508ff8521	PASS
2164	561	9a63113ebc0688a62283b7476f53a4e9cc187f3af6ddfc572b88ff66fb1cbed7	PASS
2165	1,2,274	a41a7f418d63c229258bf37a6dc08981bc7964a2934847c6ed0d1c86b218653f	PASS
2166	693	7832994c42c9db4634b1375783dfe6ac8c2914e18afbadbce43ff8dfe55efbc5	PASS
2167	840	62eb60ecdcb042e8ad96bbc2498521d56dd663fdaf6270484baed6aaf13acc35	PASS
2168	1,3,44	3085abe8004a111baf6e2e95e08a0cd7fb6f0403bf6f9499ee54f561b4660012	PASS
2169	55	220d64090412713bc6ebb4c01434c1302172c91ff6bad54b2f6d0bbf089d951c	PASS
2170	411	629e4de8a14a9da99ebc6011ae344a587f74c9890fae7750810817ca4f3c2c49	PASS
2171	1,2,918	538de7c172630d030b6224ac3a4e649d25a58f88d01de4170a1d5f211d47bfb3	PASS
2172	1,2,70	9da87883ad723a4332de7a9485244ce32829fb8811ae30bf5ec4f1952f23251f	PASS
2173	1,2,573	169042c067117f10942ba2052b5cdc9b5b0c151e4e8fbd301bde4772154d7918	PASS
2174	225	8f044423bbdd0b2953d8cc29292af516c6ccf1a1668fdac04e8e1df1de3c25a6	PASS
2175	128	4fe50be06b1b7167dbbb6d05b45dd1571be9a398d32b024848e4ecfd6fdc35e6	PASS
2176	1,3,176	46e92d669f0296125827b8e04ced6e2a242277add58b23a97d6d609cd0cd3df3	PASS
2177	554	06a7a8afa5e0311888b62b6b1f7f1737901765b1c7cf5300d95f4331aa497b05	PASS
2178	15	2c6ab758bdf6e3227e117b0127bd8e200a54d260263631f332611039bdf24139	PASS
2179	1,3,28	623654a01f2b06582fa67dee885d6fc3a7221c9834815340f518cd3a0f9dde54	PASS
2180	111	4328b46adff6aeff2ef89a0188b2c3c34f2b9999420784014d7d01e8d2db8a5a	PASS
2181	1,2,328	09b390077eb3b47ab86414e8e04bda047bd496f4a6cb9f27c82e4949030e655a	PASS
2182	93	cc64069cbed745cc1c063386c427908a91b0d3cacdcf4c957d9149ce38410c15	PASS
2183	162	3b51df179847f6b88ea1c70149c0d64aabcfb00a0967758e4f8782c6357978bb	PASS
2184	1,3,489	afb2423ee2eb36cc8ff9555c166737828b25837c7272c10a9efccd06ecb76842	PASS
2185	51	cf8897f487be3aa6e90407afa31790464ebc22f60c5519315c0c847be8fc89c8	PASS
2186	51	9afec7b69e33aba965ecfccb0331e450b3a249949e502dc6b4fa0df74b645fee	PASS
2187	1,2,404	805e6d8b70f933295a509bdca7e64060600d980a887294702e773e7f01edeebb	PASS
2188	99	bde77bc90bd2b034cc560a103548cfe0e8517b751665e20f7b7ffc19dbccee18	PASS
2189	1,2,1009	52b6f6153b2aababc18a39358aa1b5b0d1eb06a8e2405bbb9c3781361984db5d	PASS
2190	441	861824be11f686448f4a62f048d57a9216e990c96441582768ecf7893946fc3f	PASS
2191	111	069f90a5c033da38d67607acabeb2d803e6cdfd09e08125ecf72efa62c6cce65	PASS
2192	1,2,421	b91b4144a3ed3df53819216408d4b6772ac3cc9a3fdfb747a6efd6c54cbc53f0	PASS
2193	71	442c8440e2d08550d9b6d2717fe04fe4f57df38d1aed6d65512554cad4ef7cd2	PASS
2194	1,2,89	088dbb93c882436ad92fd96e70270648f3ccf8da2bc820083f0fcda2b37bf547	PASS
2195	1,2,393	f6a30bf471a5df2724da38e6bf8dd3f9aa9ee5c66304c8b1d3544f5e36cc1f74	PASS
2196	539	53565dbebf25541f7be8dd873205305fe8a90fdea30cf505a10a01c2b7042440	PASS
2197	1,2,720	c9170f90f5735b1fd0bd41248471fa929f4b3fe98523fe689dde6878523d4050	PASS
2198	893	382a39c84d4041283dffde9b76699b86f402b2bf8ce978ff5f1c2b49c0a08828	PASS
2199	49	909826f32bfb71a317feb6c6f01d98bfa5cde43616f12ca16d9568a2e56a1486	PASS
2200	1,3,747	9c62c245c4c8fa90b89186ee34205d23abb19e4d9556c01634d38d53cf379e10	PASS
2201	143	354f554eee501756513951faaeb5ba4ea5d4849d61586158e5e3b6e96afc3419	PASS
2202	1,2,113	92e2057c6a694103e8b9793461f984fdf54fb49872c0956e5298b42b4ef8fc12	PASS
2203	1,3,30	a5c6383e9053c527ac84fc118b533d6fade541dad4c0b9976dee1af50b50ddf2	PASS
2204	1,2,312	bd1f2842575ac4855d50d0c2b9a6f0a2ae08449571c7da13e67511f8aed34c13	PASS
2205	1,2,241	76a1d5450fc6082295221c0443fa7cd80c027eaab14507df196cc38d7f97fa5c	PASS
2206	793	6880358cf3ca644d53efccea04a7fe89c238bd00ee8885961a2875d0781e376e	PASS
2207	438	f77edbb148825796d4c217c13608e6576ce4920972e91ed06b499abee9cf824d	PASS
2208	1,2,1015	be11c8f723e416a0d44a408f701f03f5c654f2fa1298da417cdd60a5cfa2c7c9	PASS
2209	142	dd2168c8c6f3eb43785714b90e67be741cf870e1ca252a8e80e1053745414824	PASS
2210	539	5c5d273fe5445487e2a8a5255b62643d76da67fe899e9601cb984cb977f3722f	PASS
2211	1,2,713	baec51dd009fd9dbd3c3c6f864698dbf0b6ca7d83926209a87da6077317541f3	PASS
2212	423	976683e33706b67d394d58e417dcdcacf8155d639505f68e83f474b4f0c5abcd	PASS
2213	1,2,400	f0c6c0b06076e905a91f315daf5837e281ab31db320082b19bf8b34c7ab427d1	PASS
2214	1041	ac25f8da1da00370bcd077edbb676d0dfe8d91c3c8c21de310afb12863662ad3	PASS
2215	39	fd5e66f352672e2bc3925fd5913d677baacc4b572484db830c00f766e09c2bf6	PASS
2216	1,3,80	4ff2100c7e2e1ec9e7eafdb3e88df76fb592af1a1c5854db5e19328c40cfa6f7	PASS
2217	455	6d963086bde392b1cdc52ac616170c952e92b5b9fbb9e569cc7a5fdf43c72f91	PASS
2218	603	7f7942594b8f4620b8622ed1ff2e558d209897013d3d96d79d32a822d371435a	PASS
2219	1,2,297	e8b1e20db2a654276df9881474498747ded71a1e9eb712c89ebb04e595332720	PASS
2220	7	3eac95e01887972f7731e978bba2585fa6abbba3775f2724b180488d781e9b51	PASS
2221	1,3,186	9f77cffcc748693a575b55a7e1f52cb5a2f2ad5e0e237726deb6c11edd67b72a	PASS
2222	333	f3e99e851b539e846be4faaed02d9fd6b8f00e56eb99605f901a1c98c58d1dc7	PASS
2223	1,2,307	47fcf09efc785393f1cc38af18ce2fd857136eb11e4a2673ae01deaa6ad34db4	PASS
2224	1,3,930	caa09f52d765775375c4890db48de75407e3a3678bc5a7597ebf9c7a667e761b	PASS
2225	47	bd37acf74237c99cbe0874778f3f814fa5e3193d61db91a040200efeacb99c9e	PASS
2226	1,2,302	06b144f6bc4d23648feceb7f36039d3228ed538b2e5848c4da32900eadf2e8e1	PASS
2227	1,2,77	91a3e0fa37ef80e686f537b6edeb0ed9ba13d40deff56b25dfc00a6a95de6f5f	PASS
2228	425	1cb878996cf80dd10706b8bf39779baa1eef3e3a574f9317e00204e04fcfaae5	PASS
2229	1,2,62	2cb671dfeea03c74687f580ba07f0cb550950b2856b35b5f12553970cd6904b5	PASS
2230	637	2c436ed112056e59a5c823ce9337b16ade839c3ab8084b1df6fdbdc4eb379703	PASS
2231	654	379c02e232bc8100516d9718afb200ac5e2c3cad87fc1533af221694b0e1aae0	PASS
2232	1,2,493	09072cb40ef601da7db83fb1dcb8d6415a1e3d37e08bb45f15b3c1fb664e11e2	PASS
2233	249	20b97ebdc0f35557ce2a2cac7588f1966dfb3049c64182c85b476fbb711c4387	PASS
2234	1,2,295	722cce59613eec79a1313970ad7f4b9291c1cdfe11fcb7167dd77b247b77aeac	PASS
2235	1,3,588	a36e40524bf5d2e1fa3fed15192bedb51fe370acd5dabddeeba8df62187b9582	PASS
2236	63	549ef095452415c6a4ad473ec4109de1af46c57574b4748efb79430585096b0a	PASS
2237	1,2,165	f1ccccff6bbc7373bcbfe469c36733a4d9d3f9441f250c32bb1aa1b1deca491e	PASS
2238	1053	eec918172f5ca2d4394096ddf77ba69a77417241ea3493602606f2715b383534	PASS
2239	120	9d3723d9ad54c0788114ff8ce8ade509c7e4fcf257ec41495ab11c077afcd73f	PASS
2240	1,3,128	400a60e96f53f61c981875b74ce40316cd5f0823311634c763ce02ead77929fe	PASS
2241	20	35036f51df3272b85eaae8c1fd206caa0c11d8ceaca5b120daa8d2aec33f776a	PASS
2242	7	3d4657d1a8f4aef5c8749930731be61fc1b58ce9c04498e11aa316b4584cce1b	PASS
2243	1,2,388	08d41d5690a52f53105f566773966d8d94b37bea9f4451d8dbe65de6cbb38f77	PASS
2244	399	366c67ae3cc6a378a4d390193c0da46fd93fec40d6c9a111d9adbb3cdcd59288	PASS
2245	1,2,785	39081373f2ec5be21bbe20611921fe95c4a0a6f3a4c092869c656217aec184b8	PASS
2246	1,2,933	f1b2979a495a0eecfa4f48e0ec4ab8624ed8371fc928c5927402a8876edf1fb3	PASS
2247	217	04c99cd43f2a08ce075918dc18f05a1bccb2963c056974911dab92f3dbf72dda	PASS
2248	1,2,813	fe8fae3ed8ad4cfee4d0011288315173e93549bf41b6fa38281f414dd85775f8	PASS
2249	126	0e7baf8acd058663e7e630d5b09c68df6d2854918a1d755974ebbc7915c6ed12	PASS
2250	927	4fe4be529d41892bc3035a301da4ade80460627d63a3b23d0554e28e12959646	PASS
2251	1,2,449	01d5710ef5b1d6d10dc3a815a421d7959bd529cbb8ec13799eea330d087a082d	PASS
2252	75	9b70903997057cc239384e1cbfc8ef7aac9b9053061c7a81d16954fc153e2dd2	PASS
2253	1,2,488	9df45dadc3f88bf54440fd0e67e81fae27c2e906af188fdd2596ed3a0d46242a	PASS
2254	1,3,535	c07b621f10008bb8a0e0e13ae003c7f752663963561d35c0a9c8869e12fd8b2c	PASS
2255	729	cf8f41d2590d5e02622346c16369d482bd5a47b5f6ee824297ca4d8813b78f84	PASS
2256	1,2,613	65a84d99445b41603415edbbfd86cc43f416f46bd84dce21b1153d936b9aab8f	PASS
2257	829	03ac028462371f07415a99e818ed5f90c0023004ce0e385f65e0fd473c5909df	PASS
2258	983	e6d1690d735f5dc4a0ad9b93101fc1f129cc9eb137f780232b5e8d2d4deda38b	PASS
2259	1,2,182	8e76b130d9922433e527efbab7844e80f9ee0505f64011992a386e22aaec2568	PASS
2260	1,2,198	448cf728e5ff886363322eec8533e1472ee8ec7a30ed1eb20e2fb4fc813e2240	PASS
2261	1,2,157	cb4e89319b81e07d74847f4751b64fd1ae9d4b860ad0b5ad9173ecc914b492d4	PASS
2262	57	ddf3aa766f0b682d8b29a91b6fd6c172bb11e558dc4cb46ac134f39c10c49130	PASS
2263	273	31d57d079cfd0667d421a593b4e352ec52f583f8eac960e844781f56b02b55cf	PASS
2264	1,3,974	bf2b693d9b36cb248dadee9d21df28d3f90bd393357b659378f1e376a48efd14	PASS
2265	151	4698136cd476178470a5ddd1fe3bf2b892acaf21884e86d8c05c4b4093a3d869	PASS
2266	343	b3d1d4696fe8267d7cf599c8b0f532c0c44f18662ce33c0229d426bf5e7696d5	PASS
2267	1,2,333	d43bcc4510ac71e0beb34c346c4352b53449e61c54be0b8b2a9cd5a49fcc4346	PASS
2268	115	2dcae6bd32d8459553b3018fbe886960e615186eaa915e0ec20d6b63d24a45db	PASS
2269	1,2,186	8499bf23234c5701869f67423e73328833686e3c41f2f841099d6a6b6abd33bd	PASS
2270	369	2eb3d7907b572b6483c073e4c9c1879684749888f0a20f062f7880e19adf7fb6	PASS
2271	560	c7f131e85c9c2c5c09987d14aa8c0da34651a8e1f9ad2d012c91f60eb47ad01f	PASS
2272	1,3,192	7674af4852ed5a704be3e1f057859930df69a649df1268b90272079e4b125d2a	PASS
2273	630	85c137672973d5e841807f942030b5462bb5fb55864765dfa731d8e33ce8a373	PASS
2274	239	85f389aa7d744522e97e3003876b921e202072a40419a99bf4e8895588b4e24f	PASS
2275	1,3,590	381bff2d54dbda97d3dd230290b65088538017f446d1cc78372ca0ae5a60de60	PASS
2276	21	d4b40d9e2e71a361623d4fbacfebcbedf3794363b4e1a06d17de82c288588116	PASS
2277	1,2,1042	5f5a53653bb6ed814f1eb7610a25923071e831e2c5cd7d89cc9f87aa2976a85b	PASS
2278	1,2,815	4935bf4f7ee46c2e7d8e052205387cf1e2a23180e0c4a46da7fee9107f3ebbb6	PASS
2279	276	014a745eb4fe471ffbaa8d6d1013bebb63cb3570c8b19a91e476530950c327f2	PASS
2280	1,3,898	124ca3531176c9922f06b8786b724de81ddbb9a383df39ee20b3231af8c4bd5c	PASS
2281	715	21d848100f6644e09c707ee1a8a50c29ad4c47b4eaa03a2468d019844126166a	PASS
2282	975	bbae32eca09743c341524175e57f05ef4447b9f4afd2a4ea6722eeaedace119c	PASS
2283	1,2,1066	134672756d72b4827b57d3a3c2f540197e0eb9e88314ba38ac754b45d3d07277	PASS
2284	889	ca3736fcc1d7bcb27a3ec974338b8e71638e615723000b8ada819914972836de	PASS
2285	1,2,348	1bb05ef3c217dec69918ef81d0efe662e18c1fe6c49d08e675f51b87002f0d50	PASS
2286	249	d47a20d859b097e85c12bbb721cf63a2aa7f5299c65ea4bb5c5d7d12dc7eee84	PASS
2287	651	e91a379f1ef5f7192c76f00f589bb8d045e31a2e9c9792880ab09bb85a7531d2	PASS
2288	1,2,81	4877cb1953f65974b5f93eb39dfad4818a7617bee0545ce1da56f894e5d189b6	PASS
2289	136	a11bdeb8805d74c4906c9a79ec0f3701e1e63eb16cccc165bd1fbd73ec963d15	PASS
2290	1,2,404	85172b1cf7da3e8fa85d5e184eab567fcc5d2ce1d81ee32196ac314c106b84c2	PASS
2291	1,3,172	8eaa55985adb2a4c49fbad86f96ff6d91ae73304f16175619143184566af0dcc	PASS
2292	89	f94bd38bf146692dc4f869c85013217affa97bf7c5d976204d167107a6120760	PASS
2293	1,2,101	acb75d638c5c8c756865d96bdd211f99857af7427484c7eeda4b2c60e1edfeef	PASS
2294	1,2,859	786cb915d480cfc5a0d572f53a9b43712b46c7642891cd29194a3d87939cdfd5	PASS
2295	259	8dae13fd98c43dcbc4f7e01dd95406aed098e2095dc9df9d080fe1d9adbdde2e	PASS
2296	1,2,719	d2dd3ef3798fe71eb1fe4993c92108e47153068d35d7a135fcab41c0c88860bb	PASS
2297	405	5809a4694ec31d8de5e868cae7ba074a7f6b04969f249c9574b25d9efeeaa672	PASS
2298	1,2,746	6a440b7b9aa123cbe63b4f5db6b1f5253d8ae6102cca1c595d338e519a80336d	PASS
2299	1,3,86	58db4c12db87d852460cc0181cdf7e8b44784b2b4ed18c9c5fd773b3f4374084	PASS
2300	95	5bd9d05f5250d2194539680876d6495481c8b7699351480c0c7bee102902bf73	PASS
2301	1,2,113	56eb8b630ede2c42a2fa966ac691867b2e18458295a48df09782379d40ab4065	PASS
2302	1,3,210	a4b4f3b39f4d9ce853e8f0e577b70d05c294971ba8bc73bffa6d8ee057589b39	PASS
2303	80	a8c7369fee9291ac4802ecca987a23e5b4f2328d158f2aeb161916af755809cb	PASS
2304	1,2,869	22e0edc14aabd35441dbfcea79346a447b33e60a2c30bfa8bda802eaae77a84f	PASS
2305	424	66f254f80d79f6af673fdac52cc30a199dab3d572208b9923322fbabf9f96fee	PASS
2306	551	d0bde672928ccbe5cb5500cf295b4a18039b9957bf1d4972fb34ce1ebc5d8d6b	PASS
2307	1,2,158	f8cffb87656bb9fa2bb74de9c4832f0fcd1cf0e52ee5b791dbb0379aa5e01a26	PASS
2308	31	96713bc774dd1b8c6f556de180d54ff3ff43cf80d4049249bc7548b0a9bcd6f3	PASS
2309	1,3,248	03b357d6e5882bd30885a808b74674d9190530089833a1b90b3877af85c44cfe	PASS
2310	233	7ad1ab8701ab8b5d90083db4976fcf77978b6da065396218b1c7e5ec4041aa5b	PASS
2311	148	a1db973e0e5eb089e263e4cb691d75b6f428061bfaf2df681a76623c8acd837e	PASS
2312	1,2,471	03e3c81a05bf3775364151bd34e441cb424997e4c6cd7bff61aa8811b3119468	PASS
2313	221	824a7220f3f0fe67846aab1b2d4799ee4daea10cb3493f760f63363a44fccc17	PASS
2314	879	5b4ea3d17ae1b79dfed95a1f856486d8ddf5561be7d8260f3dc2a05d38cbe2a0	PASS
2315	1,2,148	500aa2ea962d3afb503ba11605beafad039c2a673972ee0895fd1ab5748df460	PASS
2316	21	7b882de6de2b4bc066e03b80f8e0d70a5c4d22ed390da211e155dafb6a9ccc92	PASS
2317	1,2,425	2bbc1293fcab37384d277960bd4bdb67a3935c43d00189819fef74e64ed9290b	PASS
2318	245	e24f210f81145666146fb6b40f394de5315929e53986881a8cbdc0ad23b78c64	PASS
2319	161	cbf7ce21c68fe6b951c22b78adcb1253560a6c564f4cd60a8c01fe1d66ca4dd6	PASS
2320	1,3,193	824ad986bc138604e2641e7e20de761ac15244e15520c7ba99123ee8cefdea59	PASS
2321	543	ced7311af87868d800886f88a36dd429c13a2ca3d75756f57fe640eb15eb2d32	PASS
2322	83	3cce1cabc84906a07acc07049188275b79bb1191cd282308608c40cdcd453958	PASS
2323	1,2,41	f8c22e48919cb82b003409aced76d1942369f5fc6456192fff01811a1db82686	PASS
2324	717	77ca349c112a96abd7bc7d80323e83e3f9a03cc1ee5e264f8bf66bce82e641dc	PASS
2325	1,6,444	db465f1c57892b50f38fae24b70b8b86aa85e2a07a8f9f92cb1198e31f9ee242	PASS
2326	1,2,21	29d3691ee78aacbe5d37a854884936c2e708a9e09d4043bddc322cd72fa57f3a	PASS
2327	32	754daa371b5bc99e0cfbeae1122fd8d88e081ffee3ea981c9c2fdf386abdf647	PASS
2328	1,3,288	7953db95012237b92140ec2e7d48dace8b1c54ebdcff0c331180a5e143b781de	PASS
2329	105	c1fddc5763674ba6b1e11eff8484a0b5898c91ea71a578e29c18267a6b9d3033	PASS
2330	1,2,618	8a71acf7f541b8b8b6ecf1d3e46cbd3f0600be59f8c15b7e4db8689de301d38b	PASS
2331	14	d655f835cc339be46f43daf3cb5d63fcfac7c6060e1e48b31aaa32de700a5438	PASS
2332	349	99574abcdb70f4cb2de4e72df26460486fdacebd0651a5543a67a12adbdbd0b1	PASS
2333	1,2,588	f6a36ff434fdd2720b5815a04f6295167f932714774417bc714ba95f363f5a06	PASS
2334	1125	9b50f7347a078020cbd4f6d3078cbdd2ab890096952f1a06a0f2ae17d223def2	PASS
2335	553	7004a8774fa7b594b2cb41d98ef9c099377180369f09b80943a7cff18a808011	PASS
2336	1,3,884	e98dbd7960808940202b445ff50f020a61c910c9473238645eb9473e0daa5cbb	PASS
2337	523	45acac840bb92e06534d35e5b3f4ee58c9667ab5c3e5f30a29590a97312da443	PASS
2338	211	41c283461e6112a1cc3c4deb46f30c4469180909b3e934934e347312b13126df	PASS
2339	1,2,12	698da475c491fd4aeb010435f902819b08d462f4239e340420301fe755acce10	PASS
2340	39	553ff85f10976175a7ec10c23a8002d94667c446b29b18ad8f4826b8114ee0af	PASS
2341	1,2,497	8d1cf3d74a3852f92828fffcab0a4dfd52ef4f6076143cc2d9633bf57be2884d	PASS
2342	65	562f122ec3e0e6dc1822b968d741218f645209aa7a1df2b5726a52ad880f18a1	PASS
2343	415	0dff7465e1b41b44d68c4e9ea93f8f31b6c638f546a25a97541a056a8fa6ccc3	PASS
2344	1,2,461	f0bf70477fb9f2c82454d6949cf69eaec9b341fda0ce79f693fbee6fe914bbd6	PASS
2345	29	95d7f043278f19c017e704361bdf6afec474cbc77a4ce36dfb7f31bacfaadfc4	PASS
2346	987	ccef557cd18e68433c5ccb1cb1a3c9d173743e45d031d41ac7e332cb6b1ce50c	PASS
2347	1,2,53	e51e82279ecf04f0a626ca02762ed45e83ef5cd91dc4dbcfb91c01a29462490e	PASS
2348	731	cb815102f1e7a005936e7b794fde88cd5a26067cba4ed14a17b72956fd4ad05b	PASS
2349	1,2,209	d86b80e52885efe9b052daab07a42f9493f40cde7c38636648dd43bee02911d4	PASS
2350	1,3,778	ec7ef03572f253dcedf7396e2cf4a2ac041eea43bad2ee3b00334359c801c76a	PASS
2351	950	55bd4ab865ce300a4fea9ce651942b81f1ee9d63e1704aba0eb1c6cda825c1c0	PASS
2352	1,3,1122	2db03a124e13fcae1ccae2dac6bf09e58513ace1968cc842d8d36839ab9f7252	PASS
2353	328	22dcb4428db80d13f04371ed99097de5f521cd4633264c268ead05811f7235ba	PASS
2354	1,2,466	0b1bd9da957bde47e2df6dd3d4d7eab37c619f49d0510c796cade151614406d4	PASS
2355	1,2,157	03c55850720a4183a6228748338b201e6da490a8dcbe286194ee670961e59975	PASS
2356	183	ba29dd758c706edbd616523f710d915a41aba861ce2d111e16468fe4df89be57	PASS
2357	1,2,789	e004ccdbcd88d40faf891fcd7f3de207496d9a750db768b7c631e269b5b9fba6	PASS
2358	161	cbe4fc669870e5b5156b8ca596d7c413b8f8da00e299e3be4dccca00c2606963	PASS
2359	172	5be3a274c9c91a1e533e2bc5d4d7b46b073d00a92762d12c21b8362d289dbbf4	PASS
2360	1,3,487	77ca340fd0f6999179de17237f0626795b1ce7b51c7a4aca1fdc690675515b92	PASS
2361	646	d211ba5933056d2cd15f63631872b0b911ea5e656daf3a2e7c7db9b1a13a93d5	PASS
2362	1,2,830	ca9186c47bc5717f35a8b65cf96820bb36bc25c048cdcd98d73fcf3bc084758e	PASS
2363	1,2,585	4b9a53fe9ce159b61c2dd06dab673e82d6b9c9a0f1d5f86c0d4fc42577ab7728	PASS
2364	643	5f2d54f65e9a54b4babb69f9c3f5b75b485f1ef4d10a9be96751470f1f5405d3	PASS
2365	1,2,368	32b67dad8a94fa57bec16024781bac473218938f5c15490158190a7dfc30873a	PASS
2366	1,3,346	3b9b1e2dcc5c639ebd80bb6a4027cffb907d5dc278c2a1013375584d3c1b72ee	PASS
2367	610	7f24878c20d7da820ce44da7065b5bb46233bd3e4152ef2e6e0fffb249071608	PASS
2368	1,3,613	e76728c85b3047db0dba5bc82cba76c9db0ab14596018f6e815cadf8df4e4b49	PASS
2369	77	58129425b5bcfc14bf2eed8462b41f46e4ffb743cf24d5aa90cb09f0651c399b	PASS
2370	1,2,269	4fe697baee29a2e964f1e5b66f2d9fc1d958d711f53a4979145946c3afb522cb	PASS
2371	1,2,200	80d09986da2924e8ce6c218acfc8aff197adeba982e0b523629248f885c5ab2b	PASS
2372	1139	8c34807ce5f1a8c72604b935bcce2ede0145838459fae7c6b4448f2b64c77f96	PASS
2373	1,2,373	dcbebf5afebbbea11a86115e2dceb21aedd2e2845e960af96b1d2ef827ec9d3f	PASS
2374	1,2,275	4fd483d3216664f1850c5c23a5224c6d90d0ea46c246ff8c83f8f1539cdc5eff	PASS
2375	198	249d81d613a68fe5ea268b1a0997938db23c19410b7feb94487fd65e2b16e0a1	PASS
2376	1,3,552	2598a0452a8e1ccda9a0fd4afdec4c0e2ecd2b54a4ab9f9e581d6dbad4d3bc51	PASS
2377	381	682ed5ae43f9f5c7e355945c1c81894e1ca1a4f15d426252e47e71d94d21c90c	PASS
2378	243	97152d33ccb58ae209f1c910124303abcedc9d50447ca44dbdae805ee01e53dc	PASS
2379	1,2,325	8aaae0ad18df199eb69b60af117ba779f3d0dd537a938196f9ce1d657a4e91d4	PASS
2380	1	ca59120f6d96d6947ecb8d888e09f344ee244d3f1049e7de7093e300d1924ac2	PASS
2381	1,2,877	3ef054459ede79ff64e0e3be059c71c98095eed5dea9bc28f1e541cb8282bdea	PASS
2382	429	7c3ca475d29235968012cd9c6a5f68d92395fcb65d33064a6a8f33057cc8a2ed	PASS
2383	49	e5cd7e9855f7765921d898865b582bc69cc85b99906e3c4be9c5aa7b916b6066	PASS
2384	1,2,279	aa5349498a361476f54e6631e708cf6a76b6a1273ce5613a45635a826ea19280	PASS
2385	607	67e25f1b0aff6f27e944f77b08824a8ba60229c575f43522a70a136c4a7b547a	PASS
2386	1,2,395	972a76313d4a540dc6d24fdd4eec50168caa2e8d186a69376e8d37bf49f5b153	PASS
2387	1,2,910	dcb180a21ff9453160385c0e5afa160c0b60631ade2a682b7b0a492d792ef611	PASS
2388	11	eecd4b7545dc5ed32934c060bf68954e60fa4573498935a1001e5c23c7d986b3	PASS
2389	1,2,441	2c84badbaad47d843d60e85634979e4ef6c037095eeb241a80c4c4a6ff744414	PASS
2390	629	c3526f432e8261c31e211d70434c52514dd7ec854b1f70533b2ef7b7fa271594	PASS
2391	956	447ed97ada59b0483faac05d148f0fd994cd9b241b2b85737468f0180683bfc4	PASS
2392	1,3,923	f585b069c57b3c193c1795681260c10ddc08d539ce5f1c5ac88d21e9bfb74e0c	PASS
2393	59	777e4f99210c864a5854a357ac637730c11702bee71be8c9dead84ee604d54e7	PASS
2394	423	8a8b3f0c757c793b9fe6ffb0df8aea4dbaebafbd1f95779861158b80788219ff	PASS
2395	1,2,345	e8a419505624da6f11f70e93b8d605d168bf664434bfc8613d814b21a9eaefe4	PASS
2396	173	c345461ebc1c69235a4673f815c3b808b4b73983f841bbdbca88e2006bc46bae	PASS
2397	1,2,742	ae41f2cb2f5755c51fb0cfba512a5aac067e894c56d7ee63dfd49b7b497285be	PASS
2398	1,2,113	6883e3d2a2e7169e90ed2384c0b0bf211e251e1163c75fff98d6278850887146	PASS
2399	107	14285ce8e92c1df5852ac0f936b62e4e8a9ad587e21e77d3b62c2636910ec75d	PASS
2400	1,2,1193	7587d8f235f383018235468c56688ba65517fd3d269480d465c055f83bdeb4fc	PASS
2401	61	fc296357e6764eb15ee9de729046cb0636cab6b7782127d7515869a7d24d548d	PASS
2402	251	6645ba7bccb396a4f56b3312d27e1a58abac525bc3734fe1f5686422c88977bb	PASS
2403	1,2,848	b8cc877f83e21c27bc12518ea26fead63ae680c00081c186f4279d69e7e70d0d	PASS
2404	67	7721623804256f28fc838fc436116a82bf62e25056534c468f77390e836f0dfa	PASS
2405	1,2,228	c30fd082923ed600b6b28a2fca359e574d2211d194946b7d2aa8d177a6c82c21	PASS
2406	1,2,601	917081551251feda0868c1d0b8d555ea6d54e28aaf07f4f084f0a0c1bc23ddff	PASS
2407	91	8c6e22f2276f9078e0e059eef15b18727b3c080b777b951d88244eb0610f28eb	PASS
2408	1,3,397	1358639d88c64b3d2922dd80fdce71469766d5e66a9fc6c57cd079cc42ba3d82	PASS
2409	1198	85ef07cadcb0eb6e668eb8f97cea4162e53ec6d40f3bbc7f40a9a16ad8af4b5b	PASS
2410	807	38e5a62c2a409dffdc24fd3da66e9436bced1cbe3718b6b63f9c6757573c2b6c	PASS
2411	1,2,12	85a88d1ef4f5abc213d2362730a41f6680e50cd7053736444e3bc79c05ff2e20	PASS
2412	25	5fefb94b5584745ebca3ffed3364cf711a248816890661e28ee785b365f0bef9	PASS
2413	1,2,1112	d16eb725dd56cec8bbd82edf1860786f45beb7a244f522bb9652813708d93e85	PASS
2414	29	16f5db9fc0b0123d9580f367ff63c917106ef617b78ea769f49d9a68878c301f	PASS
2415	154	2424129b7100e4beb683157e596b1fbf87f68e1007126003d04e52fbe5fd85f0	PASS
2416	1,3,416	cc6465670c4d2c12e5f3aa7ebe2a4968ca01275e1e5b44c95e446a8a136ddde1	PASS
2417	225	d9d46bca89d45059efed6d825e76119ce932652235782de3534f81366fa3ca0c	PASS
2418	311	90ae5155626f11dad3ed547fd1e6b9a0d7f4b90185a9de7616690e3c58a9da84	PASS
2419	1,4,399	627387b51433a14fa39e875e40538a50a9f0743361f68c946cdae7e1e44dd8be	PASS
2420	77	5a69a33a57a6664b4bb3b0bc84ebb83d9df10dd6c051029ff4085434ee2f5001	PASS
2421	1,2,257	dbbf5fb74191438fc2c2ac76178fc4223d5b0ecd682f5ebfc8665ac77550db07	PASS
2422	1117	b43d09617a81afe55408946de2f6f84e3f4d1facd771358eb16003b70f80da84	PASS
2423	102	224fbc02b9bdefefd6a5f5272e9e0316ebc21878edba05b4f34d7ccfb28d806a	PASS
2424	1,3,388	d8a1a4c11dc07e74e712ebe19066d604126709b749c33ded33c174163d4f73b5	PASS
2425	678	dfc9bf0d0125c3be6115f26c70fabf5902641f62bd4387e5daa03c766d6564d0	PASS
2426	1,2,496	11245ab00d9050a714b934d7b50c79c6763b35c30a65b8c350b4de6544674029	PASS
2427	1,2,874	ac4057740853ced128cc005bc9e9ef8831122b320f0b337964f2a6aab5d31f5b	PASS
2428	301	3b608081d2863ef74ae0b66b591ca198307cc1e27b6a95c7d26cf1f9878b2d39	PASS
2429	1,2,967	4fcbe45a8dafe61c6aa542b00ee68549ac599455c2577c1591a21d46c6d124be	PASS
2430	477	1b5e2ec503f6b900319b5cf80a637352a3ca8d1f030a61287dc8b41875bd7806	PASS
2431	303	b6031eb6621007af1bc551a6f9639ed7f2822b36c357b75e7d1ca3f1e08029ed	PASS
2432	1,2,423	2252e02145aec06cd63e03201f968619b08fca7eaa7562721265b6d2b926749c	PASS
2433	305	56e2841a5d1cfccd3c7cab9295da2ab5e9f330b4707917e5d0ce5953c10570da	PASS
2434	507	b568f4efaa413c56ce45438ad4eaa41aab5eff90756ae3bd8c3dc2c7f91945c1	PASS
2435	1,2,517	012a4f88c79276154d0549501d1a481343665704b86b102e1ba2f91793d15b23	PASS
2436	145	e27871fb63ec65700092f58634e621e76ab30ee06b26dc6824335984a77fba6c	PASS
2437	1,2,170	bc2e6d46cd2b31ed2a8d930e313f12f112860ba14d3926dbca2e90f7ea47302a	PASS
2438	929	4f85759f0ebbe82de43bd1bfbba7bd7fedbee7ee8b932401cff2d13b3d380cbf	PASS
2439	404	145b5707a726578ccc7f49e103e4bfb578f596e2300006311e7fd671dc5f235e	PASS
2440	1,2,87	c9c6cc09213ba93cb4a3f4cff4a59dfa2356cc22e2e630e86bec4509914e4221	PASS
2441	339	22c4b09cbc3047adc8a7a7fcf1a47e384e1679c58e71e54e411f37da0de8e1d0	PASS
2442	127	0cabb3237026861ca53eaa7807c8c06eb1da230e14342ad4e0dc8a27533e7111	PASS
2443	1,2,68	6894e733a146b98f72ece4e4899e7bb658e5835b8119c91ba0911f49510b25f8	PASS
2444	1115	c2edabac8ae33b060b774db54c3b7e0997299d58927eec9ee95df6baca8f8e15	PASS
2445	1,2,197	36503e30477508f0675773cd39a91ef9d37b760f2357dc54024e551c3eef6c54	PASS
2446	1,3,546	853b8534c748cb83faf61d519e41f0290b9651235e68cdb0598a4b66eb2c3052	PASS
2447	786	0236be2dfe5bc3a71be5c9d2aa347189a3263992404d9e925964bb5f3fd46c9b	PASS
2448	1,2,1183	58087c6ea564e98a358105856956bdebae2ef67088100549270f5788b8436a06	PASS
2449	621	de36f286f3b452bde3842a8204566c533c3dca66eceb0c6d35435cad13b3f87e	PASS
2450	191	16653961803ae80f523f05d5c1355695c23972320830b3382a28c936e4c9d27e	PASS
2451	1,3,154	07bb232b468a8b8c0b7636540f9bfa693041bc60c1ed0bbc4afa3b585647b0f8	PASS
2452	331	bae8928517f8ad3c576a2af4bb1480924fbf2c7f418fcb93ad89601acbeeac89	PASS
2453	1,2,585	9cae6f1bedfe85980a9194ea35ad06e1bc26b945da0bbad2e917556e49528753	PASS
2454	357	d6ba0507fbca2f89a2450385cd871e28a632c3dbc55ac9af83252a1477c6bbec	PASS
2455	313	c3a54334d30060d2b13cc32296413605e83271ba888f4e746262b590dfbda787	PASS
2456	1,3,800	cfdea5520a2a9cd35ff0b819c18a801b7e21da8d8ba0f9bb8b0eef4a331ea127	PASS
2457	238	c8dbfce9e7c08a0b5a3cadd3b50c59a049dab79040c495dba9726b8638a71662	PASS
2458	1,2,260	bdd6fdb3dfe4943a8e792bb738641a41db0c5572308ccb2dabbc1d20db96c940	PASS
2459	1,2,196	47c5a24377b93b40fed6949baff1102d27a6b5926961c60cfeacc346d1f340e0	PASS
2460	35	5ca2dec59e3cadad7b6befea37d05e7bb97abd6c468f2dd47983f997532d674c	PASS
2461	1,2,776	8af4522cfde66a2903abb3589f2ed6ea0f66247c9ec2447c3e82e1b47949594d	PASS
2462	1,4,651	5e6f0efbe98e215ddd48bacbfeeea29ffd550b2ab0d549f070a6a9f643af7e16	PASS
2463	1172	e807975ad7dee60607f05c77d78067a1cf2fd38e53cb1b0cdb74ce3e8f242f08	PASS
2464	1,2,695	799c56fe87963b5c7b418a6e1aae26bbc130ae64b28c005640cf20be8ba97e6b	PASS
2465	531	ea87ba2212a6b25972f449891c1cd9e372013a10a730a7c5a5c8a36ff1d2df6e	PASS
2466	599	7a30165b143c739bdde32b566de65cd894818f129793b232eda49e4094877eea	PASS
2467	1,2,794	1b92d9b538154c17a00535efbd90900a6d1ccc7b2b3ca448f9ed33538524fbd5	PASS
2468	99	3e0e20b0a126811d00a5d191be77a9ed260db8332ff47513c03f725fa9830f42	PASS
2469	1,2,50	8ff7e334dbbe11cef137fb392f8d28b759775655627c9ee698ef11d933e32f89	PASS
2470	217	bf05640bd1db1990c8a2916a430b807a9b92b772028e18efb80d3d4538b09cce	PASS
2471	1,3,670	053554814e1260eaa45e3c990965898c8f745dc752daf3bbd1a36d334f46918c	PASS
2472	1,3,12	d2b730cf40032214b9c8ce48d93694ec6bcb4cb0b3b2750c56581beed5ffaf5c	PASS
2473	225	8fde355e84f195c3ef368c4d14cc785372bfb548bcf332373ea9603ba0a0767a	PASS
2474	899	7d0bd9c6b1a6b61876e68d6b5835439a8397ba2ab874eb9c87b5d81b9cb53529	PASS
2475	1,2,502	b33487165c979ce9e026c1fd1b82e4d3c89445e2480786549d8f1c3881a17ee4	PASS
2476	1,2,573	469df0e8a58974e5880d7770d4e9159014ef777bb20ea46df9cfe64251895aca	PASS
2477	1,2,1110	182f93e1c9b146c9b27f25793bc444c664fed2202d6e53209bfe25d6dca1b3ca	PASS
2478	765	9c88242ba57d1cf4db8d8d0c8e844ce0a57a54effaea6333e0f5d55c30d2e098	PASS
2479	72	cb11fdeda532c5a289378ef3a0ace7250f78936cb89250fe001f6a6ab85578d4	PASS
2480	1,2,463	ba50cfcefd5e8459e07e8836a4cfade9309d731b5b5ce9e24f84def3d57af6f3	PASS
2481	710	fc18b8e4ef6a5ff938067c9e0da5e777cc48d4d400de5c63fd9d35dc2e127e57	PASS
2482	1,2,24	a3230d11ae44bfbbd306d738c266b687470339e2f7c7bc156bbbea75362d2c5f	PASS
2483	1,2,288	35da7631d830f8383e30f9e3220d0ef8d428c368deb2fd05f9e6d59602f81dfa	PASS
2484	523	d0a7d8ea0d0c9ffc1eed5a29c1a323e8c44bf77022bb6ca80175b24570c8a9f7	PASS
2485	142	6b17291fe00b78d79a7c1e25fde4eb60a118913ef9590ccf8cec9991169eab2d	PASS
2486	1,2,109	1e712a11671f9cd235222ea7d3a5f7a29141bfd49f5f5927fb5f61016713907b	PASS
2487	155	f4ac6ba717562a2e424a4076d9e0673033ce4678bd6f53a2c809151186ab2618	PASS
2488	1,2,143	855581fcf6d67948fa37b37b10f125d408992baa9910821a13535d1bd5a94034	PASS
2489	315	b0b95dd3962db3054581fa8205a84151e9f3bdc85a76e981d68207e307ef1b99	PASS
2490	1,2,914	507f488bfda07da6c1c2121de2f1efe1fd7c8a64ec65c081bbad93465cb62199	PASS
2491	1,2,557	f56e1707eff915ac762db54ead79898b8e5792fb917ab44cf5cf5a33789861d9	PASS
2492	141	933a4b7c757e7dea3e77c72f92516a9cc6313e1ba2e73745d9c80433bac40000	PASS
2493	1,3,354	2bea2d27d764f574535fb1167873905a041d7a24b0abae7657a9eb45385aebe6	PASS
2494	1,4,303	c64269faea309188f691f11aab37663998476995292d06f842278297941b96d3	PASS
2495	497	f6c143deb086fd6e35e77b38b22ab04818177cf644b5341a7391018d2709acf8	PASS
2496	1,3,12	67736c4265dfd16375a0c8365b5c8a76cb6891a70028418f040578443c552f85	PASS
2497	1171	1ad0fcd8ad98d07a21eb4f9d396d409f48d97a086f5dc398470f56d32f0f69e2	PASS
2498	1,2,445	d59662c02b39f7d2d13c2f3d422c5d39c3b684f936ed2ab9342c975016820baf	PASS
2499	1,2,1102	be581fb21e37f7725ff3e894363d7023d6e8ad55f4b63db9849a1e1aba4071fd	PASS
2500	135	e1849560d9a3944ac145bcc08af96422a160722e3e655c3414e4b543ec86a78c	PASS
2501	1,2,181	070993603dcb4d7835c7f04d7d9164fb2a25f501a6c93beec2800e9b86e96be8	PASS
2502	45	4c7493b791d68725d2a6f2b4c2c2620ea50a1bb1a00fc5fb65dfa4587fb8b65a	PASS
2503	316	599da850b7f31c4e25b2a4827c888530c6325a2e1e17c48138a764afbcf5f8cc	PASS
2504	1,2,157	c02f4616350d412b6b58f8e3eba48d1f021a9d68116bdf8fd7c2f565beccafb1	PASS
2505	131	be1a8716253465ecb92b3790cc286c721cc598cd9d19a26a8231ddfbcb0c0de1	PASS
2506	1,2,336	0949852db0f92ecf0aef8b9d82cd16282207448dae247163b2de2f6cb62531cb	PASS
2507	1,2,1008	68ce2859b8ede44e7d28c30905ec7aa4e86b176ca874bb530291edd03919b42a	PASS
2508	25	01c0742f739d957241685dfb922a093d03a724730b27a58a4c56632b1953faf6	PASS
2509	1,2,186	b8c5bf2181b1066e3c69836339f956c3c88ef456fd82b2cccf26ea623bc43d54	PASS
2510	1113	a404612d0696dd2e60bcc3fbe89ae7815f5f5858226ba42a1faadbeba47dbea1	PASS
2511	110	8893b2801fd8ca418f643d433644a0ad618e2717b87ce0a1f4f91bd00cb64ecf	PASS
2512	1,3,1171	9cb3834328730f77bc8a0e8d3bc6e768910ecc043a2b7f1a264317ff14376772	PASS
2513	99	6255dfb47408a054c6216b1d22d41d619422931eb0911bcafc5a1a59f87cc243	PASS
2514	183	34f704d7f5b405ffa26965687d72613e09dc1cc28a2c09eab66e32a69b96152d	PASS
2515	1,2,14	1d875abea08c3a4096498c7687f745aabaa2863219e7220fc225727a60d44a60	PASS
2516	563	e87307b796c5df4fa1df6829007684244b158bd5e5cf8b0ab52d5ba719dd4c91	PASS
2517	1,2,293	3207f48e885f5e04f694499843dc3f46abee7c232d909ab69dcbc22e7f17bee4	PASS
2518	1,2,273	0607d5ece35cd7243dff0607374e0c243644205601e12b9efe3e431faa324f1b	PASS
2519	579	4ff997fbd4fe89a3b652acf557da2216ca4313952f32bca32bddca38feefe154	PASS
2520	1,3,73	79d4c5ca3cf580da64323f9b896034c0e03971c7a245995c65994169a1a2dc84	PASS
2521	426	0c5ba908c4710b5fd2eff760f45c829987577da222507a36ea576c086401b28a	PASS
2522	1,2,196	c9eeafeea0ba8c66cef560f1a18ed012694ad3f32231dc320d314ebb82cc8a8a	PASS
2523	1,2,776	498a6af57c489a55bad001f552a7097dd6b4be74ee89d53e2601c29e5c091e07	PASS
2524	1,2,185	623cb84a465cf51ff2678c425c1265ba23fa8226a6fb3d5a9465649fa5ae3a37	PASS
2525	1,2,1177	ba25a50323c3418bd3348de2666876a89e4d62e95acd392b1f2a541083b61c85	PASS
2526	141	b4f3a793f0e914e57dbc6681e5a6f9949d5cf7b730beffc28e4ae5db0bca2249	PASS
2527	640	10b022d995437471663eabca2a456cd031f9b907b536c0e402763516327ab205	PASS
2528	1,3,347	4baf02de567499f060ee6b58a6ad7a71c24c824cee4ac23b38a4b3e238c15665	PASS
2529	49	68357b446fb47f86f9bf4eb3437f704bf10040197c75f06d7ba4decff687d5d1	PASS
2530	1,2,350	dea8a4a8c79e1a7efd10f557c06aece2e45eb38329f11596c9919e031253e420	PASS
2531	1,2,6	e79dc7630c6b54aa6893ab1ec8419c581772f382f25595379b8de926341fb7ae	PASS
2532	1,2,34	95803e6c2392ad95e48098d0a1b50101761100a39cb51768ffead410e2dfb450	PASS
2533	1,2,128	89ca8f1a3724fd4c6917f3c4c90bb8d64610d8dd537d28b53af1e95fe2cda0cc	PASS
2534	185	fac010e4aba7ed61cb78a0f55c282d64f2b3bb5ef847125dc94e096e2e39b742	PASS
2535	1,2,686	be8b399d09a99df9e1375ff4bcfa619f6a93fc69573b7985abd01b6a77e810b8	PASS
2536	1,2,611	0958c494628877bf77328b91176a929ecdaf0d679d83d015e838753e20db8eaa	PASS
2537	77	2bcd9086e298925c7e9517cd1e96668f2c8b48a85b1daa6c25f271d516bc857c	PASS
2538	315	f7b2256b48dddfa1bb674b4ac8401fc623a214f1a5061f5c8b04d076b4feaa13	PASS
2539	1,3,70	ac6498cce39f675300a1e5255534176b7cce07e8f95edba86bb5e7c1e7fb96d9	PASS
2540	209	89f0e89f21ab9811a7643e20def543bbf9a53e41ed2b006ce88ee2852001ab5b	PASS
2541	1,2,733	4c997b8fc2e2bddef811e167eb792b410fd094933d68670d6600c5dc88a5e49a	PASS
2542	97	9f93d057b43c416b80fe556e3ad24eb5a4c2fed0b141378ea321f1bb1bba7c59	PASS
2543	240	86b217e848f4d16f5276bc714b2a8c1f28a975aab010eea2f4dcbc83510b5825	PASS
2544	1,2,775	d3e7d53b5077544a403159bae4218a071bd55b747c9c3348c720c4c2e7b6fab2	PASS
2545	982	f0d3ef9c505d36371555a4b774b7eb3951c47dd4bcb2264d6155a50d1ffa0525	PASS
2546	891	13ac5e79f62579da9449ce437ee05080def588962b10514a1ae7d9ebf189897b	PASS
2547	1,2,278	fcfd96d7f4804a76ac421dda2be1ef8ce6353a1de82693273d1801624cffff55	PASS
2548	373	db3b4ddfe558ab2387abb69636511d8ab3f2f49d6115d1b88c0e1b3b9457a5af	PASS
2549	1,2,1099	723df1ceecd476256445fea461fcdaa019ca72b508770b297377505064a80113	PASS
2550	333	d29834bd9174357acec7068a596a7c2b6436c42551f24969956d8fcaa23be0c1	PASS
2551	103	fc1e07fbb34670f0d047bd28f68dbae517fdb0b063ce6f387fa8fe43c73f2748	PASS
2552	1,3,1163	775ddc45954ca6e02800d68ce7d8e6c25c32420302f487522bcad46bba88c253	PASS
2553	28	adee67995f3db52b98efcf011909c66c94912462ae988a38ca9933ca21ca325f	PASS
2554	1123	aee75681f78984065efa585e2e05f323f3053b8d35ffebebcd02f024d5509938	PASS
2555	1,3,506	cf8429dc98c3fd2f8b934c0f0ae1d43d6d86cd5a699c619197b2a4bcc3e5d895	PASS
2556	349	9c52013812e6f6918c824498441b089119675fa42d94948b41f9231f7f11e461	PASS
2557	1,2,1068	1660c4225bbc329c84de8b545833fd0ada5c8359865a5fa4d5fad6a3a8453820	PASS
2558	1,3,85	5f1a9a7fe3c836d88855528335ca1ab96868073433eb3ad6d409ae8aa5829699	PASS
2559	23	1b2308da2c49b4fa232e30ef42ce7315dde450e7c12ce41ec441a5c6745966a8	PASS
2560	1,2,621	0da11d4cb2b54ed9a7669b449004f410752914d2238b89f33196388223b62cbb	PASS
2561	201	29aa55dd5766e1a581fad1372a40caca43ae1c4fef4b552a8389d91ee16c9afa	PASS
2562	203	46f098a89e9a1d400843ad4c575638bde33e16065bbbc56ba2946cdeb4edf0d7	PASS
2563	1,2,848	8aface87bf9e9f9b9b0a68c8340a25aa3f3fd2dd942972bbc0101d3fd4c5142f	PASS
2564	561	ba0dcd81b2e90921727dba7db5e792436b1fea834e038cf98b618ea0cf673e34	PASS
2565	1,2,269	82a8d5b6d8e28cc2273d6d57b83e80498a40d27062268f8201511a8eb15d33f1	PASS
2566	37	1485bacd0cc35506162cf3109af0f6d60ff21f2cfaceba5860c051ebb4e8d4be	PASS
2567	122	5970dbf6d05db06985d3f0a2a7c93e8c79291399b79356b5123b040e4a8534dd	PASS
2568	1,2,17	ad7f957d7c9a306980a15ed6ce0359c49b2c2468579ed7bf480efa8ec739e20b	PASS
2569	69	7e0eb95eda3fe88267be160f56b772af95b890be55776c62bb2ba9908ba4d739	PASS
2570	1,2,1204	8aca312134762d35bff157ba625731086386dd654868891ba678b08b4d5dbc78	PASS
2571	1,3,396	09a22f23157d58fb1a79080dbf235ac2dbeb19057cc356f9480bb9924c9b7eff	PASS
2572	535	091d91030db59a82fbc3f05a07e4bb43eda92696e23a0153ef43695747cc6274	PASS
2573	1,2,36	0fccfd48b4d39f98b527651e98fc6ac3f4c5f7ab4435199b86d065ea2847f4b1	PASS
2574	5	6574bab2655ac1e5f9e036c1b2cf8bef64d04ed7801bb86ee43533a31ce5ce43	PASS
2575	867	257fe728fcb2d09d46bcf4ea8d8baa2f59b27f880f7a6187f21ae47c2435f62a	PASS
2576	1,2,7	4ddc8aa8bc8760aa0881bb7655c9955f723338cb3c72fdbf8c261a281cddda2f	PASS
2577	674	663abc4740458c38f7d82343bee686ac34c36eff68781931d7159ec9c026bded	PASS
2578	1,2,288	8cc1deb697e728babb82592846030aa6e1ecdfc20173c389eb3f3a4e89626771	PASS
2579	1,2,285	8d09d96858b336de541474fffe0dbb6054f8ab7b392160b1d1d03b5c4adfe330	PASS
2580	105	c4c5ac69beaaf6742741d46c721f2a15f58f750fd9601fab8c086c07980b0177	PASS
2581	1,2,528	45dfd86bebd5aed1582112b93c0d656c744dcfd2c26302c5016af96f95827d95	PASS
2582	1,2,1089	51e37900c5b41dffae59d5ded84bf79faf21bb252f08d8eaa294a2b1b72f0a3f	PASS
2583	31	72efa9ac9fb36be151a107f3eeca4a03aa65577ee05898aa22842f7b66364290	PASS
2584	1,4,819	2ceba0ac5c95a3033a625cf33b2f810767e32456299bf9cf8a3141c63fa557f6	PASS
2585	263	252238781154e3ce2f2081c38c9b908b14b942e9e5ef7240d0349e679334c613	PASS
2586	1047	76da6b1a18d048282a72eb38a09e3dd5bfd761c0a30cfa95f575ec30ce7994f1	PASS
2587	1,2,44	aabb5c96b6badf2aae9b869f15d70a12544120df3f5798b286df39191d44e810	PASS
2588	1,2,336	ab28f54c5c87ecbc5364c3e12643e72e139a1de1b8fae999795cd388b30d7b63	PASS
2589	1,2,362	0776434efbdebb95e93ef6d65bce00c9d8b47463666e64510234c85476766290	PASS
2590	1017	4af48c04914675baee9eb73d405d2fcc0fc2031abcbd01dbc39380b6742fc01d	PASS
2591	219	4ab2156b55423611b8123aa4fa6470635777e0b13b42f6e17e520b8d9bc0a8cb	PASS
2592	1,3,405	f02f874fa930e9a68081936b4e543c4f41eb6c353741bb9dd3abe5221de39030	PASS
2593	297	13949c1afc624a926a538b247d1daf61685c77db5dd6b745fe2ddb2194f19492	PASS
2594	863	11a4803a9ea65f2935413371db19cdb539e66c6fbd4ca62ce6b5e16a374c0bce	PASS
2595	1,2,817	e90e87acea6c6246a813a7fae0b90cd62943dbd07ae2b36d85b815c66eb094cb	PASS
2596	145	16fc05b65c7a6a7fc8c71ce4d7b890b6aafd6a9540f80106c3f43f9ed326ad34	PASS
2597	1,2,37	26bd1775abc85511c9197b933f36e86fc6aa6f144c7768fc018675dbfff52c07	PASS
2598	225	ed7c877ca908f4e08fe72a4af63ff13b955347448c0029c9196e072d9d9a2ed2	PASS
2599	289	8bcdb8f667825a3dc1da3e478e7a63a1991662f08a333fcce54cea8d184e8c25	PASS
2600	1,2,1137	e332dd0fcd3b924d5c65d71403213f68909193d7f506dcab80cfbcd5a09ad106	PASS
2601	406	d079871b6dc1e82c54b66cf3adbd4f67791916da66eabd7984d2bfb4ec7a78cd	PASS
2602	1,2,438	9d3d8df8b3ea01f4b5804ad6505ee67f657029c8e21ca738202b8ecf3196d982	PASS
2603	1,2,318	248ae8428ceb8edd24fe575580ef5f2410d43e391f1c0f297876855bad4accbb	PASS
2604	435	2b72a947ffe435013534d7028c45242b5f4a7d5097d22754cdd7fa8468fba853	PASS
2605	1,2,44	5673cb9f357a7f59d19fe2559326af5dc53523f5a5bc42d966931fa2c5df6ab7	PASS
2606	1181	ec9985b46f45e0110dbc53a56499186d9d0aa6fddcb288d4b9de6f8b1d295bda	PASS
2607	34	e750c9f62318ea24d173b93adb5bc0240955dd677c1c2b5ebd5f6e7e211f2ed4	PASS
2608	1,2,401	3db4bf9fe87fe0dc85d2d259cf49fcece108c6f8651bebb17ee73bc163a25c58	PASS
2609	425	6c8781d8d49e3a79afb3d8d63c2efdede5b751467d411d2bcfcfbfe3cfae7987	PASS
2610	427	9146510c4e8071e1a34bb3cff57784e64b5814c2391dd27d0cea3b910d13dff5	PASS
2611	1,2,180	3b100d807b9ae8d402f31e6695b272cda070ec3135f43efb163e9cb5298951a2	PASS
2612	1,2,298	8c51c49b623c26de7f207c1da9ce0a296dd24fbb045cd96bde05a91a99206cbe	PASS
2613	1,2,692	f2fda4b25bb482bfdce8a8cb33cc175d6a0daf60ff1b07dab124c99a9d6c18ae	PASS
2614	553	f43a6919408ae87520a6755c40455109cd925ed17808e77ec58ba80562f9d9b7	PASS
2615	518	c72ce7e7006bb27ef87a4d91f3d99d4c748a6a73bd80d0f80b065ddf5721b753	PASS
2616	1,3,429	871c210acf47aaa2a5d0e3480e45b673bd30751e97bd129b4ca44e7c5fa13eea	PASS
2617	462	4b0a70c2bffac9b0b327f2da0f3d8e927e5a3ef7f5e2b75b428bc5a0880a1eef	PASS
2618	71	5685e92c608d25357f80bdc8414b227984aad0832c012d2e87417ed906c989d9	PASS
2619	1,2,1076	37fe75c9d071325720c25152295f480c7445651bd3161986e9b467a00f4f6c21	PASS
2620	835	e81726488f4cb4ede0995eb4ef3ab81eac7959589dfb6878826f98410b9fb534	PASS
2621	1,2,931	bf9e9cd487c7f84b79c39e6667d82ccb559cd4cd9374575640dabb49e65f8121	PASS
2622	1,4,826	f40e9d3303e53794ea32c41af4d8c1aaa31dc4ed360d623dde213e7c0506e543	PASS
2623	409	90da8ea33f75e07942eeef16e324adfbad05913920f8a7b36cd6932382c5d461	PASS
2624	1,2,375	cde08b1f6bbe433b6c5278928fb0ac6ff42599d443cadd4e12fdcccd798b8914	PASS
2625	112	a2492bb5cf0c1bf28360a73aef75d1e8d1c7cea0b99312e1b4718dc9c2148eaf	PASS
2626	43	1fe5f3189749d868e0e88edfb9b5fe612626dac00b3790908b54aa97c3b2dba9	PASS
2627	1,2,520	70176d986b64a34b44e34ee006f58e589847a3f7934f13ce6e64c648c5d57010	PASS
2628	47	4d279cc79478ad3a670a2d49667e1ce307bb9726776f81198f4ad4d2763c706d	PASS
2629	1,6,226	08b111671caafc56950fb865ee4adeba7f403fa2abcb8bd7aed1be5de0158468	PASS
2630	177	8e695caa934b806ae90e996f51e17ba4f1bc8bbac2c22429a55b99161a2bfca6	PASS
2631	139	7c89fdbf03f4faf95f10e0e2714a1fc66ebcd4e2015f1b458e82ac8d0e3993bf	PASS
2632	1,3,281	5ff2d3d2102625b88683b6871e2e32f024f4b51509ecac74d406670319597a16	PASS
2633	1241	e5cd324c9ae2e7be9ea0864ac51f1cd6461562151ee8903fbc526c134f92d6c8	PASS
2634	1,2,590	1aff9c0f63dbb5bcec83a382ed1feedb10d888f74942da723e5f89b0fe6f5a07	PASS
2635	1,3,942	4bfc70bb1dbc8b9630a453798c60112cb2cd690f9abca2fab6ed37cd54eddabf	PASS
2636	1,2,52	611dd8952d60bb5bfab595953384f1865d9ba9afdb01b401e4e3921b45fc70ab	PASS
2637	1,2,305	261ccb8ff8492c3d59d219366e2faa2836ed86eec95be64a7a1f4854e3029f26	PASS
2638	1,3,10	2c2673f0ae25660597eb1f5ea4e4d56a03be39a873368d4b1b74b1fd59fd1e7b	PASS
2639	144	bcd36615b676b634bb2c167393b6ad6b2b8e1e5a8a3a6328fa1236293ccffd98	PASS
2640	1,3,696	45acb08576a2e918b435cfe90067e1ce3cfc4eef36a25a948c2ce7fff66b3c90	PASS
2641	736	f9a933d653153a7b1a155a20dd846ffa6ed321651e091159e16819843b5f318b	PASS
2642	551	ae8d1c4f5c589b7208330adb8ba34bc2790a9d0b76cc5d3fa9a0c6f9967972fe	PASS
2643	1,2,346	d020dea17a460dca4cef0a3385bab3dcd9b618a79b309af8205763d38ff07491	PASS
2644	597	34a3a28b9f07a8c15632b8d53ca17038264f8ab1b9191a3b88440bd7b77f25af	PASS
2645	1,2,366	0e117e4e14087b5298ef897c51377fb9b33cf640d2777230fdb5ee36aa8dfb21	PASS
2646	297	05ed9ceaa84a18d5e59672cf4a94f3c0a2f4fafd997a96b5893170fe213378b9	PASS
2647	513	845cc9a33f26fc3a2fec1bc6817b38da159ebd54d52146755b5737aabedf0fa9	PASS
2648	1,2,193	cfdb3a2136c61ec9953f6480050dd8eb39cccb9f08f44d139220dd459c153877	PASS
2649	689	c233416913794e3a806e1e034d7467948dd065c36be2fb05bf297cc7fe036611	PASS
2650	1,3,563	7754cb77b2c25abdb0a8616624fb4be7cb1a93e4070573d1af052cca661d8746	PASS
2651	1,2,988	636b483ebecb203b7c9fed21582fae0a878625d12511ca1e4227a5f28413ff29	PASS
2652	519	efcd97a19e317078c9723a780fae67893e2d11e3faa0598fe5744ccdefc0041a	PASS
2653	1,2,897	6dc5c436521be81b0da8c56e35988be54b52601ca46f45974c3557cb9ba7fa92	PASS
2654	1,2,757	0eabfcb3108f51e976f0ea4ad02e2491d01ef6b2157e1a5f830ebaebe1b78b91	PASS
2655	53	27f25cf25fb43c24e7e8dc2ae605399616b941dd29a9ffa0b712d28e44e10626	PASS
2656	1,2,117	e8cfa7b21d113d45881ad6d5ded1768e92e66218e7d13771364b44906320c7b0	PASS
2657	242	44034db582fb0b4a3c67ceb5ec51387adaf0dc49fcc890e5b2dc72bc0cbb6bb8	PASS
2658	1,2,38	a3de509b1ee905689a3e624ea50f48967261ccd9c4d5bec540d9f830972a17f4	PASS
2659	1,2,164	8f173aa6f30f154eb2baabbad628735ebbb3cc92467ad5687f556947df1ce1e1	PASS
2660	5	75ef1878ae9209365b9466677c6a87e7c29143d6ba9ef3e5bc2559891437aa41	PASS
2661	1,2,508	ba996fa1642e01e17ad80d72f60605061d529c980280f1d8ba9a2c20a7e67645	PASS
2662	1,2,39	3d7eaf2ce0ba0ed9ca8b99f1b5e9347277cca7262e6b750825badf3a58325683	PASS
2663	458	f4a52960616e01fe5e79afa5f180706a176b2d093ea9079fd36d8f68bcfbf704	PASS
2664	1,2,389	c1520940879b8d9e5c7b556d371ad280a86912025e23c571a7b6352601435fac	PASS
2665	772	7ead6a2b75d1943f3a4bb6c914fcc0d9e8c106c1577728b81d81572d8f807dcf	PASS
2666	663	45969f73fc70f46ddf2c4a03e555a2d3f079b034414c64042886661d03b104a5	PASS
2667	254	0a3225ca3fe304fe088f10476007647fd4f5a5dfdd065d5340a1711674c61438	PASS
2668	819	cfe390cf6c8bc62515f5c19251ff831789300d54b04348b6f8d8004b5123ca7a	PASS
2669	1,2,562	3f4c1a9794b7af375f9c98643a5d042cd9448429c823e6b0210f1231a904ada0	PASS
2670	229	632104532218387e431a6e9468c43af0793ce6b5ed907a333c7862cbc52fd55e	PASS
2671	46	c33021c1b657db32acdd2a9ed328d3296d6a446cf3ed4bb0de653c4c8ffad38c	PASS
2672	1,2,103	8fdefa06d90a124d752c8040f0c8e531cb9daddfdbd39661ba60692bd10744f9	PASS
2673	530	b7252de45cde47a491665167d985414e91547032ee5c70692d734cffac4952f7	PASS
2674	967	8b9f5b959244ffe2906da0fe8a257695bf6ebb251311f077eaf5d4933ae905bd	PASS
2675	1,4,288	f972a4b01de4af88964030fd28fa7821bfcf7b164943fd28ae70ef451e68854e	PASS
2676	93	4e4f545b1be595a1c6f6d77c6d47e5a4afbc8b258e0c4fce631a093a8b957d62	PASS
2677	1,3,676	fb54bb82d61cc5d0ef1f404d2da3895d3fbd97919fa9906e48344d17cc7a3a18	PASS
2678	1,3,1058	f3b10d9f26acb3b8b3ce4e3878a5e37f9b8df43e0b4ad87c25daac412382a8d3	PASS
2679	286	e14e668a684e422cfca2022f6a323e710ddd07ce9dbfac31bd0bfc3793da7449	PASS
2680	1,2,977	d940c3e01c0bb5666a0e38def8595a5fa90121cc779584c804952a7b817db009	PASS
2681	635	adf49b0c2aa084f6af754f9f90f48c7f1816f288cf88c1e730d1a56a31a464df	PASS
2682	463	624d094a605e1cda03e091c6072ffd8c25fb3492dcb64935199af8f80bf2ff2d	PASS
2683	1,3,1288	58538c1b79944f09b9bd59c770014f7133135e497cca9fcebc05c98f33e98dbc	PASS
2684	1,2,60	19ce9da52acba262c6ce0293bf999774217a9a8cf874f6fe8592eca239e5f13a	PASS
2685	1,2,8	4d7b701ca22a1484f641948f54df877f87606820a72460451bc485bb1369aefe	PASS
2686	789	88af8ec17e92cf009fceffdf705d0be1f6c749d32e30307665d20cf85b272c28	PASS
2687	225	60008fcf3f672478d00cda24f5f06f729e09c43e70de8c4cbaac944137e42b58	PASS
2688	1,3,556	fe1c8590d117c591b4833a6453923698374f49ed38cd881c8bcff66d45867a19	PASS
2689	36	db627a7e904a2098bfb691934a8c6d82a3f04bd93f66ecf870fad9f7ffc07e11	PASS
2690	1,2,46	9f6e106d011252e4c646de0c4695262f591df8ed5567a45ed1109ff6ce1efbc4	PASS
2691	1,4,488	bc0947d6ce1a1994d88c22631723c71f485411ca36e4bf4aa66ab381cc0b9ab4	PASS
2692	577	f1f2f031b98fee600c68b466497e554f1b61652b48456024d526672f2a01816c	PASS
2693	1,2,73	2cca2d22ad872e1b9239c6127a5213ae1f50a2f543887d6f3a79206dc38aca58	PASS
2694	621	afd8331402362623fb2aa50a6a54a6e3704c7cb3b86c761fa18d07d1b20aa318	PASS
2695	123	b2eadd4346353e6c56f879d94cd9e1ac0b0cdfbd70cd9b8ccdf911277993b2b6	PASS
2696	1,3,994	03fdd028ce203279d13aab201c657b8fccbafcbb8f657f977c2147175ce74d7c	PASS
2697	170	24475958d374fb9db0bee8e5e8aa8ebb5c41407fc6d59c935f3caede184f73d5	PASS
2698	963	6ae312df087d010ca93b7f3dd4c6bd3620606b6497b1ebab70dc6c460f5dc5d3	PASS
2699	1,2,37	f7f95d2f43a155359c3d342ec921d061a2bd59caa8c93c2e9d0f08b107044529	PASS
2700	3	bb908886ac81cd8151c605e29664aeee66e8a819c493a0793ff5a872ab79c01e	PASS
2701	1,2,272	af0e3147f9a4bcf916bccae83d3c14ed469db5cdb51ec0fc23e29a8b40d51926	PASS
2702	257	098d3dd79ec586b2b1c530c8b621a472a984f68fb519792b3a64cb04e3e6d1a3	PASS
2703	67	46468da8b58ba70b9980ca38539eac490990f28082321a18fa8203c7dc9b5840	PASS
2704	1,3,245	cb0503f14d17c0dc6e2cf5e31ee78aa27ea023c1444944717ecded7b5969dab5	PASS
2705	1,2,663	5b7784ec2eccf063a05a55e25b05c7f4aaf518089c7b9959643c8d819a45da50	PASS
2706	515	63390d6abf340d5ce946c7d1bfb1954a29bf205e2504443627dca9e901d89358	PASS
2707	1,2,29	4b88e8c22452e251f07b14ee71264a5609f60f6ddbf4c0c39568e4f03f6d04b7	PASS
2708	423	68917b47b2ec5c0b267c1b719cb0d4b9077cecacaec9b8ffa25e5602cb732380	PASS
2709	1,2,442	76e35183e753a2172666a1dd3e295a218e64f3679312000887a5044f2afd33ef	PASS
2710	1,2,135	1cb2253a6f0fd809c4ace445f97511081538713b4bc5aa14e8f871b267e87381	PASS
2711	690	b8e492b85b3a3743d0014e19fa9e17e160b2c9102bcce0e544835a562b84c4ec	PASS
2712	1,2,997	b75dfc732b2b0860d0bc6895a301712a6823a23b734b4cf6f7cdef7a6af1e3aa	PASS
2713	840	aa4233dfb525178765e2edc4ec89b41db488290d37b43741d9e4596ca866718a	PASS
2714	1,2,1284	c50796252fbff9317e1dcafa5e463cfe41d2d66da63f9decd3c4dc1c86b27a57	PASS
2715	1,2,41	810274b250e3c1913c2c61296c25204b7951ff7ff95cb95b69c8d8b926e294d7	PASS
2716	255	f8fab1a070f6f0c1e3f6fc6a5d2119403b7c5d83be26169200d3425c4c7e08f0	PASS
2717	1,2,1029	3302f9b281c0664a9d5293687661c0dcfd1eaebd87e8fc7bd22e602d3d52cc23	PASS
2718	369	cf120cd64483fd42de5df941be8bf1be75fd440e20ba489ddf23f66d5aa90962	PASS
2719	102	5e37fffe3bf72eccf0686694728d54cd849afb6ecdd2d8f605490b21602bf337	PASS
2720	1,2,295	0cc23aafe473e1cde1cc387320fe4fa3f535ab502b28da674199d4d0be916981	PASS
2721	826	8f86c962cea5051d3856f83beb83178dc5ea33b78534ff48cdc55e14b1e643dd	PASS
2722	127	4857637612fe0da28229a53b4bbf9a751e6accf53aedb1a4acb639d5123063fe	PASS
2723	1,2,232	d3a7079c0e88a48cdc5d90b7e6e174e7f108bcdd8e9e6a4c3afb7fcb48852e0c	PASS
2724	121	866993a77e726a33dccb03f67053ec5f6d270b2062d643ecb563e3805e304ddd	PASS
2725	1,3,524	8caafb5676b6c10b04a163bae23c62546da928774e69295ed21236f740dfe25b	PASS
2726	1,3,226	c554c7f72d34578d407f11c5b5f9270418a06c598e356a011a780dec6bca3055	PASS
2727	430	7b6e1694191242429bd39ba4f8f282020340c4cb09f66c6b34090c66d1a712a1	PASS
2728	1,2,1271	9cfa11125b5f83f8d6a662bba9daba2497f83f6914029063f17aa86427e1d655	PASS
2729	96	16120260b1b4490f94ecb076643d37bd54a46b6a93e6affea198c61ad747b37d	PASS
2730	343	655ddd1dfd551e5305429b319a34044a6acbca4b044d1d06cf45164e9fa29cbc	PASS
2731	1,2,378	3ce411b85cd325e222cbd1cbed7bd69f6d8c41bf7e04595ef026a446257f0e53	PASS
2732	845	41400769797509869db697c7c6d7c7e3d979ded1d9e9d7841fcec51259476ca3	PASS
2733	1,2,796	d2ea22165b6516b6d7582e69006f47fe1f1a6974264a186fd5209776fa18f745	PASS
2734	1,3,26	5cbf2cd6d3c66b25b58e0a9666b0d324d4064e5530422c90fd727caccaac472e	PASS
2735	933	82ad12cbeae0a025b3bdb9f5a34602dfe2a524209ff45681a413f4a319b6dffd	PASS
2736	1,3,16	617cf6172d3bfca28162509f035eb45535fd8cebb397ce9d992467fdb918f2c4	PASS
2737	226	d27fb5679060801bae2b423a4283713daece4fa303156eb0a04bd7a4d43203f3	PASS
2738	923	37f68ab6253a780f8e235972ab2b5c3a9eb55d8f54203cf72dbb5f98de8df29f	PASS
2739	1,3,544	6945608b8b212c27bdb60c7cdb46b0db7bc7e42d704e07866d89b8266be1a47a	PASS
2740	109	e7bba3bae00381a4508aaa83b755e4a09ae3e43eb5ef80020158ac35a7e03fc7	PASS
2741	1,2,69	dde8d32bf9d8076d97d687820961017d61d43f794da117ca31617412320d690c	PASS
2742	149	853758a617aedd00519a1564e0681429c880f8fa2bd7be07e91f42c08ab09ce2	PASS
2743	447	cb5af72637dacd78f93f396cb228dcf92a43819a78bad22796bcac480baf119b	PASS
2744	1,2,1071	4d6964562d2e9cee9c5bcbd8f21b465069719ac8ea4ff64f1c20ec2dd8814722	PASS
2745	484	9f054bfceb1a4c3f74a46e1d9c291b3c969c0b5c1dde9c4939ba0471a8ed1dbb	PASS
2746	1,2,41	77a6f60656b4f1e3326e3fcc2582edf023bfe38e41125fce3c7912d8741d1ded	PASS
2747	1,2,81	3df999a0fc3ddd084758ac06a312b7c9e30e24d1a3d654ef1f795f8e489044a6	PASS
2748	25	71b64263cd0816b173995a3a757995b650d168473995e06de9127dc2c75aa4bc	PASS
2749	1,2,426	393bd8e5b02366e7ed71fdc3dd6e2c34e18ccf9b52841249dc97cde04df80e6b	PASS
2750	629	1694e225928335ec3747ebcb934bd99b1b399a45e8458eec861bf1cbc41544d2	PASS
2751	49	2e7bf0adc5b8fb28c6828cfb5b5777fe71998b7eba4bad92ad60067176099e54	PASS
2752	1,2,245	cbded20ebce199b4dd1d2be1b21df0ec92ae5ffb4dbbf4cf6b1c0d5699b339a6	PASS
2753	716	2b1735c1cdea03078af9fb782dd065948ed20e3def7ce49e5b69b85d68fd854b	PASS
2754	231	def4f28a9262f4bb2f8bb3a6c6a10f37533c61988e260e52635deb956f8f0f85	PASS
2755	1,2,30	5012cbd32f2b292634814a2486aa8496b1b628f871a524dcc9d399874db62d32	PASS
2756	159	5eee738d97861433f41354932787d77536d4d8f7118d8eb7552d37d04f9276da	PASS
2757	1,2,116	aaf71f8b89f7421d0f97e4b740d92f3c22802c6bd509bec76e9f71a0e7dec2a4	PASS
2758	1,2,1323	4edaa5d48196016d7abf8fcc50ab5e32d85c5e3960a1d599e4cdd8fed24947fd	PASS
2759	842	48aa11880d1233b99da723c9e55dd6c6b91b1dde16d504e7f549fdcc96c1fb70	PASS
2760	1,2,653	4d931e5d59a06402978654fcce55f2f703ad0e54d1d565d88853c8502f595697	PASS
2761	108	a40db85466595a4623846d531069ed882a6c4a2fba8837fd95d1693f0df6de78	PASS
2762	1319	d3e7044e4e26e5cee42ae6fc74e673e307dcaed70e62ac699cbadd8f7d2b8aff	PASS
2763	1,2,830	881c3c79bb12b06bbc65573ade66c55ef613f1406037a0231cb0f6f1878e7d4d	PASS
2764	687	bf783c9fe20fed070ad418b6970355eded0f63c8b3207f7f8a8af36abcbf87d1	PASS
2765	1,2,250	52c687765e6e6e5cad39e92ac225a3ae5a4deb63a889d1c0838a01430d1fcbc9	PASS
2766	1285	1bf061bb6438b35826ce7d6ebf0e4fa72d42753903817dc7b2c1ebf759445c41	PASS
2767	102	6708a725709faa6a4874085e70160f95d53eab3ee3e478fe878b0b05e33cfb47	PASS
2768	1,3,44	925d53f2be64aeacfb5b052d30014215619ec07c2637a0c633784b4a1c4683d1	PASS
2769	269	3e2d16f1bc4ee150c433b6bca6fd00c384f413daa82d5db797cca9ea52c5f59e	PASS
2770	567	0d49c4c1761c37f84b94b9a21d9d181200b9fa7e2efd6fbef5fc75051ba644b9	PASS
2771	1,2,444	c0ca9d4b3cecab4d4550cfca02502e3725baa269c8ce886795a08281fcfab4e3	PASS
2772	135	d15c016b6763ee6241553501a8e2189eb48a76c3782e0859ff8ae5abc41253aa	PASS
2773	1,2,621	ba2449a37a680e41e9689b4958c27695cfeb7c9634865873a6ce0f94b847a775	PASS
2774	1,3,566	4cb675003db351332242f99e8ef0fbf71ceb5d7d35a289254b4429fd2c32701e	PASS
2775	802	e5d7b9b08f58a80ced8907926d7a60768d69c091f49defbfff28a7b6a6cd26f4	PASS
2776	1,3,111	0593d9a7a9953b140a8202012df6373c1756a1e337bbd8e8cf06bf7eb579d6aa	PASS
2777	1,2,922	6221e378382150dc0474c38d3bcde556b90a946480fdaf6d725e5bce044d2f46	PASS
2778	1095	7f24dc02bd5c078d50a048b86a69139b2aee94480e982c35fc18c72cfbbd5176	PASS
2779	1,3,1018	38c18a4bfd8e4180a0746d707ed11d309c1225ee9ab07d6d8e66ec2f2a9ff1ff	PASS
2780	51	e94f5a8e567faff44dbfe7fffe402b1ccf84be49e2967fdf5d977ca18e9d1061	PASS
2781	1,2,394	bcc8b3daa574a3507ee91fb3b9738840d8af782dd6dadfd31075f3ede4f297c1	PASS
2782	1,2,1337	d3faf19b8d79f4b06b089047192fc5a1a75bf2665191790be08e062afbb68056	PASS
2783	168	4b57d85d96ff9c3514351706f36c14484e385cab8d8924e28ae21283ec3cd869	PASS
2784	1,3,664	e1468843c8a8db6c89374dfd3869583f79e43614d2f63519d79fc821ea3caaaa	PASS
2785	349	ffa351f17bf4b0afa80fc4eb5cf878036831e873faca70a2f0b12ab2001f375a	PASS
2786	339	5ac32e885c286f74722d53730648f657aa27452f9b98912245bcbb1c7ba6f889	PASS
2787	1,2,1190	b3c778b6a5fc9ca3abc7dc17538bb31d63683342c0c7040626e8e231a7aa43f8	PASS
2788	1,2,126	4e3129fc3fb21f78a04fb1cd844b6298539b316462ea91169ee26d21670ba7ba	PASS
2789	1,3,506	f86a3974a39fd67405c0fc20241dbfcff20f618776b75e9cf29a8b7b4aa5ce88	PASS
2790	837	2f8da92ffcd5574736fe2b37fa99026099947d38c1482ed0dd04fc37c81cfa55	PASS
2791	490	f1b8b383828f8c7704ea2cf88374dbab3f653f023efb781f4aba8bb8e8c3ac7f	PASS
2792	1,3,892	1abfa4ffa4983a0345b4b81447f32fb8e0e68cb4c3c59df645434ab2a8be86e0	PASS
2793	343	161ba746541fcad0e8365082053b0518845f18042da9a66cc628c109cdfa00ae	PASS
2794	1,2,204	3a9511639f550b0b9448f8cba7596a8707c1cfb82f9ccd54cf02501d6891b1d6	PASS
2795	1,4,239	2cf55df0b1f7c0d7c9666192a5da61e1234c1ce52d053a938a7317dea96e486f	PASS
2796	769	0f6b94b7360403b5dd9c40586e4351d3dde4dba86ded4795efa61591ce9debc9	PASS
2797	1,2,536	d6030e90d48738acc51a9540a948fce13979849cbf8f2cd2e285f100a421584b	PASS
2798	1,3,139	9aa571f9b966ce6a6d3a87dfa46a487391d468475a8e2f8c1fa59acaf06d4468	PASS
2799	880	8f0e4fad0ea68f13588ad7f20359904c19596f42c42cca2b157ab9d840564d76	PASS
2800	1,3,500	3db4ea5effe6fae4b04d3cb43a176268118a9b329e1bf452553f9fbe0e7a9c4a	PASS
2801	279	61f671a0802ef8366970b4434b118264b5f6122371a2753d8ca7136768fb2553	PASS
2802	1,2,28	fcdaf85af64a3d24188bf6445ddbda07c80e9c83bbe1f3b706f706953ae114ae	PASS
2803	1,2,836	b061f87fdb24fd1952be3c0dd3b71ebe850d20798181d6515273120f99d81f5f	PASS
2804	609	dd7925a21ed2361a838d72fe9a7cd12abfd85cb34a07354576b8ee3429f873b1	PASS
2805	1,2,160	13385be0f92de3cb97eb479decf46e7176da46495719152734ede303d9f8a1d8	PASS
2806	729	bcf2b1284eebadc7c44d09693b4e183a589c67a26d01c834821096735fd04f7c	PASS
2807	270	24c6fa258544330c5c2525d0533d621053ee8e754eaccc3da651c78634751965	PASS
2808	1,2,835	41193e6621f270aa77569303177d22774fc0aaecd5b4af0d7864f53b5aa94093	PASS
2809	1342	c16ca64a12812ae2e83d2923977a2b3ef83c7465aa6258e3323f276348eb7e86	PASS
2810	1,2,493	b385efc12e26b6fecfd758098d5de677cb15a901bc108f2c456c6b3bf904354b	PASS
2811	1,2,340	34b15dd8915bcb2481f725523e28252b00eea3567f5dc7b825498f5a22460711	PASS
2812	453	cf5451f3185394514c72ec458fa4093a791205a677dfcac26865837547fae935	PASS
2813	1,2,1363	ce6dcef7bfb607d4460ab14a75ed3b8ae5a4df7f2712b29487f4d18b16056c42	PASS
2814	621	78316e0fd61b312a54d921e0e6a0489cddc662568b6819183c93dbd895ca4dd2	PASS
2815	84	9f03bd42b2aa8c58ac33a81e32528067f25a992dd830710212736e2cf7b75690	PASS
2816	1,2,279	1bbb831d5a1779f476fb92ec790379c3d8b2baf1a3bd19e07360edcc23eda55b	PASS
2817	109	7402c70765621716f8ef552402c0e0442071dbd924e430834ba87f00f898bd81	PASS
2818	1,2,155	09d923345820ecedd467949cea34939db3921b0fc2a1966c2de5114f3aca0fd6	PASS
2819	1,2,126	1dc76948761a72bd649c08ff572aed5d7b0d61c389d74598bf571dc2105d568e	PASS
2820	815	d3357f0596a4a8f8f6c0476bfa9f4c3edb083d92217c765497845a753d735b52	PASS
2821	1,2,156	8deb478f1d9a424e4ffa898dd25aac9dadcf867599145f331b9706207c2938c6	PASS
2822	1,2,63	4a7ca73e0149d5ad4dd78682d7620a4c6517ed9bbdb28a9808512f3ff01bb1b9	PASS
2823	592	1f2d1fe88d0f0d9021a1452a2b04044c9dfbac012a2dd749aacbb2b4baa31ad8	PASS
2824	1,3,428	c67cb9e10c013f4f1dcf085afd8297b11ce50b5436453ad7f664e565816b474d	PASS
2825	288	144914f9d11806cf12aa68b670d9fb603ddbd102c94b0d52098185c657514ea6	PASS
2826	135	bcbb5f532584340ba556fbdfb587ab995589124dbd67a94ba872423f83cb1920	PASS
2827	1,2,53	8699cc1dd0f6c0e28ad4f0dd024c23495d217f366adb0956912437693b3108c4	PASS
2828	1103	f33235b5d102489507c819d545934cd749dbc776851ca998c9765854cece639c	PASS
2829	1,2,236	d3c8faa1d9bf36722e8432646f6c1a5c0d882d55a1d07edb53605804f80b181a	PASS
2830	1,2,1079	b0fda99b639887fa910d21ac2c4fccc02f625260e66d1be5e3daac96f3690487	PASS
2831	186	7b2411a4ade8ae40d7d6e530b024f74f26db59c545e54039ee5e4c4e3f2fd3c7	PASS
2832	1,2,583	756a883e18d8fd7a3402d33fbeea48121d3766868bdd4e45322715fb9d69e1db	PASS
2833	409	2b5897e710fa729529a85cf446058a19cef328bde99f6579ce2402266045837b	PASS
2834	1,2,100	d83c5e53652dc407005a08052422a3cfbf2ac9fcdaa33291f8d6f226567aefb4	PASS
2835	1,2,509	b4241d2b11d462a5c092d7d9f10a63ad47321743f049d52b6d7e061d6227310f	PASS
2836	1113	da5fa219bea300fb536aa69d03ced51cb165097a22cc31bd7c18a6398e7d8a22	PASS
2837	1,2,450	b4a026e41074ef264468355c897a129dc1cae3dcd56aef569630f6b094b7b6f1	PASS
2838	1,2,301	03642d757ad352380dbc4ac3f892de8fe8bc9b4eee914e7db196f1eac991a5e8	PASS
2839	1033	07b1d5e46c118ef9876182778074464150f162ab0e96c82b8e93d0651aac04b7	PASS
2840	1,2,493	98ab41aa4ecb2796b67ad83146ec8fc47ce30b8b17d88783bf172100d2bc4563	PASS
2841	370	afd971e9fa53059ae00be27569cae5ddfa37d2bb4f7d393cdf298d50325437c0	PASS
2842	1231	208819bbcf0444e0604e3e00185316364c8ee05e868ba11148ed5a84766321bb	PASS
2843	1,2,12	9572164bbe0b528bf96edbbb361e03212217bb82e4cfe10827fe175abe3aaf43	PASS
2844	25	cf3228d9b38633a55008eab3bd7b8f93f0c5026b74720305e1c2d6894fb2429e	PASS
2845	1,2,17	605cee25c71b1e51eb5578fef0a0457d804f56bf52f108cc606821d364e70865	PASS
2846	1,2,333	dfdc6b4836d7e250ea61a7e7ad388270e14f6f5c6307669de55541b892400a62	PASS
2847	329	81469f2bdf4915c8a631d028fd046fda4494d0f46b4390fa6b2b27c6a0b3b1db	PASS
2848	1,3,389	065c7fe9db095eeba3093cd2b47cca0af1844e85447cd461f086e85463622820	PASS
2849	114	294211f65cc57db17984644ffe68a24c86b06d82e0a168701b7bd22f878eb7f6	PASS
2850	1411	df16672bd2aec37c48ca27007304b2027c6e616474136051c48e0c36b90b286b	PASS
2851	1,3,1112	a64d07e756d4a6c797598bdee725351cf499388f84040c28380a12942fc3a225	PASS
2852	1145	8d656c0e99a9d6ea68241fe8ad388066a75300a332fbf8efa96f5fa8af22ab11	PASS
2853	1,3,262	70c7aa8fda68bbb5c812eba6cea62df57d0b4c23742f275a415236cf3c8e9455	PASS
2854	313	1b979027e97a0641740cded51b9c291d55c7741e044cbc2b82de4aa8eda6afd6	PASS
2855	41	f4e2fe50aa0515ea69dbbaa0e1b522e67bbac8ad55789d50e95dd3109e484534	PASS
2856	1,2,413	8d727db1bc7d1d65d37b17afa7a55e576fed7dedc910f7ab740802ff79e82640	PASS
2857	756	9e7ef07bde1407f7c3ae12b9759f524abc56b1c889dc069e308d4529248dbf41	PASS
2858	1,2,126	f9db8723b4171ee9484b4b298727dc11f980ff8e29862c7ba3a797eb510f29ea	PASS
2859	1,2,692	99d4ed2d133a19a771ee583ef812d2bcdcc813ab02786c958106570d80b3e437	PASS
2860	603	79b782d5f05ac1e68fc9f0df31825c82b6e422ccab3198847c4f745228281525	PASS
2861	1,2,33	a5fac9800e810888c140b98f82f0e444c271786396648ff050b26648d809fb63	PASS
2862	405	3786f93a65978c4cb7dd395ebd31b21bff8b8bff2e32500438b242c11bf7b26c	PASS
2863	139	97059ee295ccc7f1556368ea82c06b51f2e76f7dd56105a0ddbdbea5a51bfe51	PASS
2864	1,2,627	5f4e883f5edc035154a21bce2597ea8d726b28019a6e306639e8f130ab55ccfe	PASS
2865	212	e2ae7c66ae24ab9658650b565bec29d1675f0d4c2c87aa254ae19e05bcc6cacf	PASS
2866	1,2,509	ee6b5ce39cf17ee2ed3c0d0b827a06dc2825603230d58bfb2103e87366bff0fa	PASS
2867	1,2,1150	6133ca9d38196835b473074be7fc3fd13d3e29d15945390a226a7c4e6d44443a	PASS
2868	915	34a6ce6697d2377c6719cb86117dfc46239c13fdb7b5a96945beceb96dd2da00	PASS
2869	1,2,81	a7295b1ee4ec87bae7c99a5c95ccbb79d098c36eee763e6c5bd13f04769191bb	PASS
2870	1,2,631	7c8aa0cafd79a43299ef757b72592984927691653b1fb6d2f6ff5c04e01da35d	PASS
2871	272	a16027f703ecdca8d0ad6e7b404d7e1a74c312b001d83621f3c1c9ee8b2c346b	PASS
2872	1,2,519	f98d489e26bbdd3365752bcd2dcbbe3639437a9b119e59d0e83ce5399b5c960d	PASS
2873	75	09e3329833217cccd2597337cef79e534cffef9b9e83b146aa233d6d8b0aea30	PASS
2874	1,2,767	55ad3f5dbe02ede73edb20b60a992f631ab8f2dfbe149841b17b86975530cb50	PASS
2875	1,2,209	06911455e124644e85b06e63ab94d496cf9f707b9e6fe8bc90bd56ef46234c47	PASS
2876	605	5b66d43adcfded07d5bfdc564e3b563cc477dc3bee40103ce5a357606e1a6e81	PASS
2877	1,2,164	908d626e59aca16bb165be2c37cf797f8c6cd06ac041ce794906069765842173	PASS
2878	781	611483f84a8a6a41bc7e2cf4938bf3584b33a2ae44bbdded37a173df35c01b56	PASS
2879	149	0c3806ae2a4807ca6b8768593307329686e3432e9ad43753c93e72045a8d8852	PASS
2880	1,2,1411	e4af0dd8fa645c580634044841a588218580b975cca32c3e67eb27cbdfadb534	PASS
2881	1201	dae0891e8350131bf49c24fff07494368f4c9eaf14096f68dec13859a861cd37	PASS
2882	1431	d39ca5ab32bc8924cf8abf16cef5668a9ad71dddc581c2b52526b3432a05dfc0	PASS
2883	1,2,481	edd8b611c4dd0f8a317202f6e2742e3c8ea235cb0a2afc0f9e2d8475304ab7bf	PASS
2884	529	5934d70b68826c8c100b6348e94fb9583415ca7db9075bb19546fd72bb956fbb	PASS
2885	1,2,133	4fab9afc74d22c28aa34eb7c080455d8e369dd7f7a6b99c3e680f8d981c84a01	PASS
2886	1,3,357	528b2aec244ca17ed16ec8a7fd489050e6fe1cc3c014be8586514d826fa9547d	PASS
2887	469	da6e7659bb71d769362b91b99a1618ec183508edd008366c367b135d8ca12585	PASS
2888	1,3,484	17fc2f752532cec0c83725d351e95bfd27a96508f0b38184f904d0d60911a722	PASS
2889	76	b65857f750e3882f7f7ac24a71ec6681b98ff193d8166b139776895735b1696f	PASS
2890	31	38f2429ebb2b66b70b0d82b20d24703a7b3beb7af5adf8e9c2dfdf4b83ebcabf	PASS
2891	1,2,289	10ef16bdc2f853fe7ec4305a3fc0b798561d2da69f4a2197242393135b0839ad	PASS
2892	309	2e613fb5d32fb6bc4ab7f0e07b7b82e14d3955135a610dbc76118324dfd14ff2	PASS
2893	1,3,628	c7104b3e31716f050c9043776556a1cc0c52537c5998066dd3ebeec8950a8d9a	PASS
2894	1,3,1133	d0b488ffc4040f7ecb5f2fac26d303e51c807e5ecc7e1bd5e288095e28b53789	PASS
2895	358	f7000a982160605dbe0ff389d89e3cbcd7e2e3b48fd2e5678fbce03f824ffa4f	PASS
2896	1,3,51	f3b5b97cb682930bcbf67e85a8d968bad2c1ba6c2ac77a419a6ef8e23830962e	PASS
2897	15	0d37894d8ff06ef74ef701816baa8937f97011d58f3827d6b4c141a456f9a8f6	PASS
2898	91	a39bbbedceb43ce6664e9ae5aa684e52a511fa41e5c8d0f12d50ad7d39af1cac	PASS
2899	1,4,70	a8c3621864ded798713c30732c10d3cf07ed5b6e4f5afd32883d59e0ce587478	PASS
2900	303	0d5282031a17a9d82e5f4916e95a62d98b7fbd642d96e125a3558ec4adda0a6e	PASS
2901	1,3,286	e400f8b878e9c40870aa1945ee90c2aa809534546c47e6d58ed6a0c2d7623323	PASS
2902	1,3,506	fd19b771a6f47098bf39450647060e296746d0f6f697e1f6f7c9bdca4993f9ee	PASS
2903	279	00720e00a033af9c4096e594ba88b35e8d51be2214efeeb4751d6fd9aaa5615f	PASS
2904	1,2,977	c0360b5305cf0d4f2936579a9beafc4c721287ea047b0876113a5bb4b23d86d6	PASS
2905	321	c1b96b9a5806e165e0c0578b0ddc403862439bbe79615fca001356eccaa9f50c	PASS
2906	1155	a6387c124e569795211b953dde84e369018818483b1cb44ec99f24777ee1d2fc	PASS
2907	1,3,606	086926c8f3e3d11a5c829313b539b6245a3570955e61b3d2dfb523422c62262e	PASS
2908	1,2,1056	821e729403f7b5cabdbad1d4dbcbf4efc190426f34661969707919af4a5f89f8	PASS
2909	1,2,1180	3afdcc1fb22e33954e68b7d3af9270e3c596afad4f519451b085698a8f8fd408	PASS
2910	1301	98276c47197a6cd01e0f2e4adf4b8b2d0ba35a1169e02a3272fb93f1aef70621	PASS
2911	685	243f74d70e2d428f5633066e92d7a152605496e2ef00afe57617caf385808bf0	PASS
2912	1,2,219	b466f82190c49be68901b53675fc9107791f3cc56b33c9745a81a7e4e227ff03	PASS
2913	238	f9e937e5961cf1babe9b5997d64a91de613cf6de41f8c3c2ba02ecb4350e5798	PASS
2914	351	49ccf94e2d9d1633a8b0f2de5a035e1e28c19db9ad397148552f4518b6dfdb98	PASS
2915	1,2,385	2ff814fcd7b18cb9b4af868b219781c1e84cc71859ea77fd1b39fbd2cd71ddd2	PASS
2916	21	21d4ae9c79dad32100bf7a1377f7c6014cec784137710aee2e89de4ed471a861	PASS
2917	1,2,902	43eab57a87cee62008f9e422d59a5401d138e50b6f7be62746acfd2cfc79c242	PASS
2918	237	f0e7b2e6fad8e22ec6aa42a8b28cc45600da3ac6740a285c7547b3eca9d7f981	PASS
2919	149	7920fec5bf486407ed7bcf89f622b1887e2bd2eecba90210ae3ca1b79498883d	PASS
2920	1,2,95	6319422a2d34f8fbc1c90dbc7b96c033eed931aa757f391b096b2d7307d6ab2e	PASS
2921	480	0b1e19f4c0cb93cc2570653ce62621613c8a51556c01ebc1b2c78c69b0c60484	PASS
2922	559	e4d51e1b85c8fb4dee1a73de3ba65b6007739827489aad844e0ac2fba6920c86	PASS
2923	1,2,86	9dcd979202b049311cb198972c90a70e96f2443b30a0965a232d34aa7d469ba8	PASS
2924	1,2,27	5d12374ce99893adb26eacea53ce62b79a11065f898b756b662db6f34e065590	PASS
2925	1,3,892	e2ed086414a07abf8240ad95b9b68e0e2b63928e80eb704fe08927be2b5d6b19	PASS
2926	1,2,1151	df83454dffef1283c8c7907ee3641c5f6202ad8b710958bf0e19462183d6de5c	PASS
2927	974	ec6676c4d3b4610a9e5b8a1f8e2111cb6fdb1ed4f5a5efde938f89eda09f984c	PASS
2928	1,2,163	fcf9f8096f40c0c24f0e38162bbf35f7b8076bda1bd73edd533d5324c1f23fbc	PASS
2929	651	95f2439641de45978b70e9fc09e7399a0067ffac95399f79b5452ca2f0a5c768	PASS
2930	1,2,178	2d1a9b321fa8a3d0f0a8db863766f117d64ad1b39f576324153697a7531fb8a0	PASS
2931	1,3,666	5e89baee2abdfc25c6e89b5fe208c45e20c551941949e605ba946627f5e06452	PASS
2932	1,2,401	c4c7d7fa638d93c98f57a9584d16157e59a907d63be72ac2f9b8a468e8279836	PASS
2933	1,2,82	db2986ae3ba5c2eb0ad3f56d7b88247085ca875c4b3b770de868086e422bf337	PASS
2934	713	38c1ba9df20d722f37e5ebb4d0b885d998ed6275cad679b7bc0ed5867fe1ac47	PASS
2935	1,2,119	a184d2317301f8ec35a81808153a06d87e28cb9a0b5aa3745387d046d1db14a8	PASS
2936	1,3,452	53a65547177adf9e22ef122cbc157d385d9d77897e5fe7c2e3c118d7c36fdc65	PASS
2937	172	ff89a36dd82be4078fcdfc01e7a1d27eca413c29a3cc37e7aad9d5af6d697c8d	PASS
2938	499	e60d5e461bfaf186b76808f424d3a7d690214b586b66b4d9d5ed0bccfb911f9a	PASS
2939	1,4,527	c374f67cd97f341a4edaba8524b89c56832e85bf8bf1258cb8a462e635ebbfd8	PASS
2940	49	14a0d3ed73c38aaa48b8dd0b14c14b925fc740ebd3ac3d4fe43c3abef787a605	PASS
2941	1,2,1367	caeb29d7da8027d134899d93874da2b21527d297c481173165ab760ed5ddcb77	PASS
2942	1425	61b846917984e867e60debbf7eaf5b9da9641312fc6b7b530a1c65f075a7f358	PASS
2943	320	e7ec214ad8df516397fe263d4cb56d3538cd641d8e11a9252040c8b3c5099cc5	PASS
2944	1,2,309	f4deb206e927eb6e6a7e818efda408415e6c88e64b7245af1a7a9fb268b0cb7f	PASS
2945	146	8ac46ba0a38628b72eda89774d2d6a422cc0c4fef476dc249242ba53e1d36d5a	PASS
2946	551	df5fece0b1455e5ac81a10d97a6d73d6718f6e876e40695322989a8ea92e7313	PASS
2947	1,2,549	0cc519e7e5bed37b90a468a3b3d48a34d27aae99eef7408a642e6f36bba13ec1	PASS
2948	1,2,28	ae33d02f0f337188d23bb46db7734ed171c59544a10c482dcd622daf83be4552	PASS
2949	1,2,1211	8d328861d5929893460153d5c7f3a7945d3a6d773460437b1d250006a521dfb3	PASS
2950	397	42b48cee5a892beb13ed09a29a0a27afd581f054041f7f5a1161c7184c4f7f15	PASS
2951	872	4c80237ebd3001c7eecbf030a8a4ffbae4ff29eab3e00d2754c0c333edfb3e21	PASS
2952	1,3,760	e7a1747e8eee3526483b462006db439576e0441737088eb2e7e95a850653e5d2	PASS
2953	33	14d3ba4c1c1b15d5f396dab257aaeb49128524750774a28ebe876be8ddeac988	PASS
2954	1,3,835	eaed31cb06cb11034405b9af541cbd92e5dc843a0955bb4d10dcd6d0d4891463	PASS
2955	1,3,66	f06db6e460059cd3b5f8772615779f16034b18898c9419ddc6c3342f7195964e	PASS
2956	823	143f8dbbf20154c94c0a3e452191f07d422bbbf4e3eb54b89faa00cceb44773e	PASS
2957	1,3,76	56b48eb24c905175174e19800f18438d7d5d1f0e770a5cb3fbf1f6142faf04e1	PASS
2958	1,2,355	88d558ed633ec14e421654999c4fbd50dc56471735efff08d7543ce0670a57ae	PASS
2959	69	7022901a0bf12952f399dd0ababd565d52183b86148a4e7739dcf8ffe61211ae	PASS
2960	1,2,979	86c1f1ff847731fbba4346f5d30b03f5ec3246fa8cd6899983aa41a57437dd62	PASS
2961	86	a5448daf50ba4acb7917137e905e0ea0932abfd14c259efeef6e47f70b6b138e	PASS
2962	319	ddd37c46a112a272136e089ef878a59c7c8934ade91d98048123c34d94bfed02	PASS
2963	1,2,177	d4fa93827ce9f75a16144f814210e1e5fb6c8ec412630fc813c143528ecf54af	PASS
2964	83	d239a32a9345815933f9041b03e379bd81a545a018ee8526f77e4a9ad862a19b	PASS
2965	1,2,429	4f75b022191f309237179cee23fed39227a93c8f3344cffc60f54db66a54a2bd	PASS
2966	861	ecaf3d355d517dbbc02021f42ceaa6475c2467aac808702df414649dfc041f3c	PASS
2967	1028	6d376ad05a1d0564c2c4530ecda0eebd97c735f86e88458340a6db873d913b75	PASS
2968	1,2,233	dbaae2606e21e68552506bccb20aab13a74dc17ab3baf2df0a99b45d41a56b2d	PASS
2969	561	b65f797a570dd19961b05cc649948cc8e685a52ec37fe2ec03ff1b5aad505582	PASS
2970	583	eb8e2fd3eb54541ff893724ff63235f4391ccb3c7493947c378aa1fd05ab40b9	PASS
2971	1,3,526	28ae9de375d875aee8d03e13572fc67c5588622394eb4b517ec8d2b1c778be20	PASS
2972	693	b7df794fd70a05dea900a2fd42dcca90d1e04ccff65d6a5704b053a87fc8652f	PASS
2973	1,2,173	173021aacfd3591578634d88f365211fc29c0bf49817d75d5ef6e982e65cf127	PASS
2974	1,2,879	7a8df6ae42809f54ba1c7534b37771fa1d68a3bf8e8a2d2bac78b8425965d522	PASS
2975	192	17cb6a7ac3905fccf66e99e64859c88e9dd7907879d0901462aef4dd687231ac	PASS
2976	1,2,625	087fc75f1b03186bf434a0d45be61233b4af742475af867d8674f35b33aa39f9	PASS
2977	126	c33cdbbe4fb4339d503940aabbfbd75a0d1a610c16788fbdc9cb54b14ab958a6	PASS
2978	375	904e13e75cae088d795346e25912c792538bc28b44532ba59df3c6e4caa10992	PASS
2979	1,2,874	56d2bc26b5f6692f8003e821a0d257bc4553bf77f5d9e06119775065d1206545	PASS
2980	381	13bf4b631a0a3d7f221b669012c6ac6c3a1ee339dd9c75badf7ae2c53e5857f7	PASS
2981	1,2,13	0bf7fd274a5b416e13ada70f72f89cf06aca309214d5cc1608e91f7e1e272f50	PASS
2982	669	e1fb85b51d23ae7ff8cb53d8e50aa75f6c4d37f8be2bc1327d52415ebf321a39	PASS
2983	330	64a867a3e87772c11080732306dfa3c764909536b15e10d908fedcac261bca1a	PASS
2984	1,11,163	4a09ac2bb11ee3ab4345ab5347f4cfdb44716dae5247f332540ef4d9cdd0d565	PASS
2985	166	859007a3931df3759ffc57973ceaff7be73c16eb3a1ccf21274b71de365fd7ce	PASS
2986	343	1b87ae8a29714e4132a01ccaef9f6c0a7f719fc749e570c1a1393af015238c68	PASS
2987	1,2,573	fa23b16432c1c778a29708a6606ce8748ab8b51ecc838f6aa717e5e8cc8dab60	PASS
2988	313	0e93534c83e7d9a37c3e43e8ef61e01299fa36b877689b02c12e55622cd33bad	PASS
2989	1,2,786	86676cf21dcb3f34e44f108f677899e991b1122b23dedb6d6d64ca54e6d91df8	PASS
2990	1,2,37	229f5d0185d743c34b92298bdf65ecbfd4fa1d279ec0d9ffeb7543032319fbb1	PASS
2991	292	eb1022f19662e5ee927d3d2cbaad0e74d2e3fd135f03cc5b7b8a31bfbbbddadb	PASS
2992	1,2,383	944124b15328fa2974834d9d772a6b20573a65dc2913befa08b24dbaf02ae741	PASS
2993	569	f6574f2b3f47e570223cf09e5017f1e2b3513c94ccc07cb7205fb110f8c3661a	PASS
2994	303	d28c81616e52e7f5e5e7db3299c4116a424f401c10e878ffd9ca6dc81cebb742	PASS
2995	1,2,794	810f4190c967e3539f86bd5fd62acf01c13b503ef01bfcef39853da3ac8fb8e1	PASS
2996	345	949b35e6a31c5f5fbd41d683bc7970a8ef6f577992e32b0db39a54b54e21b269	PASS
2997	1,2,358	187a50a93a5e9d34a1af680e639bdbbd04f6d0ec2a0cc1915ae75f5aef11ebad	PASS
2998	669	206f8944c80a33baf2b3bae9ecd7255bc1222b0b99538bb232d121fb535ffbaf	PASS
2999	1011	a659d777fdee85fafdd051352e909bfc6bb80cb619ea036822d395997738a4a3	PASS
3000	1,2,1417	a55d110f61cdd8af7dbc7fec2c623c92642ed8a7d48bc45d2192a52fb63f427d	PASS
